Invoice ID,Branch,City,Customer type,Gender,Product line,Product line,Unit price,Quantity,Tax 5%,Total,Date,Time,Payment,cogs,gross margin percentage,gross income,Rating,,,,,,,,,
750-67-8428,A,Lag,Member,F,HEALTH and Beauty,HEALTH and Beauty-750-67-8428,"N26,888.40",7,9410.94,197629.74,1/5/2019,13:08,   Epay,188218.8,4.761904762,"N9,410.94",9.1,,,,,,,,,
631-41-3108,A,Lag,Normal,M,Home and lifestyle,Home and lifestyle-631-41-3108,"N16,678.80",7,5837.58,122589.18,3/3/2019,13:23,Card,116751.6,4.761904762,"N5,837.58",7.4,,,,,,,,,
123-19-1176,A,Lag,Member,M,HEALTH and Beauty,HEALTH and Beauty-123-19-1176,"N20,959.20",8,8383.68,176057.28,1/27/2019,20:33,   Epay,167673.6,4.761904762,"N8,383.68",8.4,,,,,,,,,
373-73-7910,A,Lag,Normal,M,Sports and travel,Sports and travel-373-73-7910,"N31,071.60",7,10875.06,228376.26,2/8/2019,10:37,   Epay,217501.2,4.761904762,"N10,875.06",5.3,,,,,,,,,
355-53-5943,A,Lag,Member,F,Electronic accessories,Electronic accessories-355-53-5943,"N24,782.40",6,7434.72,156129.12,2/25/2019,14:36,   Epay,148694.4,4.761904762,"N7,434.72",5.8,,,,,,,,,
665-32-9167,A,Lagos,Member,F,HEALTH and Beauty,HEALTH and Beauty-665-32-9167,"N13,053.60",2,1305.36,27412.56,1/10/2019,17:15,Card,26107.2,4.761904762,"N1,305.36",7.2,,,,,,,,,
365-64-0515,A,Lag,Normal,F,Electronic accessories,Electronic accessories-365-64-0515,"N16,902.00",5,4225.5,88735.5,2/12/2019,10:25,   Epay,84510,4.761904762,"N4,225.50",7.1,,,,,,,,,
252-56-2699,A,Lag,Normal,M,Food and beverages,Food and beverages-252-56-2699,"N15,548.40",10,7774.2,163258.2,2/7/2019,16:48,   Epay,155484,4.761904762,"N7,774.20",8.2,,,,,,,,,
829-34-3910,A,Lagos,Normal,F,HEALTH and Beauty,HEALTH and Beauty-829-34-3910,"N25,696.80",10,12848.4,269816.4,3/29/2019,19:21,Cash,256968,4.761904762,"N12,848.40",5.7,,,,,,,,,
656-95-9349,A,Lagos,Member,F,HEALTH and Beauty,HEALTH and Beauty-656-95-9349,"N24,814.80",7,8685.18,182388.78,3/11/2019,11:03,Card,173703.6,4.761904762,"N8,685.18",4.6,,,,,,,,,
765-26-6951,A,Lagos,Normal,M,Sports and travel,Sports and travel-765-26-6951,"N26,139.60",6,7841.88,164679.48,1/1/2019,10:39,Card,156837.6,4.761904762,"N7,841.88",6.9,,,,,,,,,
329-62-1586,A,Lagos,Normal,M,Food and beverages,Food and beverages-329-62-1586,"N19,681.20",3,2952.18,61995.78,1/21/2019,18:00,Card,59043.6,4.761904762,"N2,952.18",8.6,,,,,,,,,
636-48-8204,A,Lagos,Normal,M,Electronic accessories,Electronic accessories-636-48-8204,"N12,441.60",5,3110.4,65318.4,2/17/2019,11:15,   Epay,62208,4.761904762,"N3,110.40",9.9,,,,,,,,,
549-59-1358,A,Lagos,Member,M,Sports and travel,Sports and travel-549-59-1358,"N31,906.80",3,4786.02,100506.42,3/2/2019,17:36,   Epay,95720.4,4.761904762,"N4,786.02",6,,,,,,,,,
227-03-5010,A,Lagos,Member,F,Home and lifestyle,Home and lifestyle-227-03-5010,"N18,932.40",8,7572.96,159032.16,3/22/2019,19:20,Card,151459.2,4.761904762,"N7,572.96",8.5,,,,,,,,,
189-17-4241,A,Lagos,Normal,F,Fashion accessories,Fashion accessories-189-17-4241,"N31,561.20",2,3156.12,66278.52,3/10/2019,12:17,Card,63122.4,4.761904762,"N3,156.12",7.7,,,,,,,,,
848-62-7243,A,Lagos,Normal,M,HEALTH and Beauty,HEALTH and Beauty-848-62-7243,"N8,960.40",9,4032.18,84675.78,3/15/2019,15:36,Cash,80643.6,4.761904762,"N4,032.18",7.4,,,,,,,,,
595-11-5460,A,Lagos,Normal,M,HEALTH and Beauty,HEALTH and Beauty-595-11-5460,"N34,768.80",2,3476.88,73014.48,3/15/2019,10:12,Card,69537.6,4.761904762,"N3,476.88",5.1,,,,,,,,,
129-29-8530,A,Lagos,Member,M,Sports and travel,Sports and travel-129-29-8530,"N22,543.20",5,5635.8,118351.8,3/10/2019,19:15,   Epay,112716,4.761904762,"N5,635.80",7,,,,,,,,,
272-65-1806,A,Lagos,Normal,F,Electronic accessories,Electronic accessories-272-65-1806,"N21,916.80",9,9862.56,207113.76,1/15/2019,17:17,   Epay,197251.2,4.761904762,"N9,862.56",4.7,,,,,,,,,
162-48-8011,A,Lagos,Member,F,Food and beverages,Food and beverages-162-48-8011,"N16,052.40",5,4013.1,84275.1,2/10/2019,15:10,Cash,80262,4.761904762,"N4,013.10",8.5,,,,,,,,,
106-35-6779,A,Lagos,Member,M,Home and lifestyle,Home and lifestyle-106-35-6779,"N15,962.40",2,1596.24,33521.04,3/27/2019,11:26,Cash,31924.8,4.761904762,"N1,596.24",5.8,,,,,,,,,
635-40-6220,A,Lagos,Normal,M,HEALTH and Beauty,HEALTH and Beauty-635-40-6220,"N32,256.00",8,12902.4,270950.4,2/7/2019,11:28,   Epay,258048,4.761904762,"N12,902.40",6.6,,,,,,,,,
817-48-8732,A,Lagos,Member,F,Home and lifestyle,Home and lifestyle-817-48-8732,"N26,046.00",10,13023,273483,1/20/2019,15:55,Cash,260460,4.761904762,"N13,023.00",5.4,,,,,,,,,
199-75-8169,A,Lagos,Member,M,Sports and travel,Sports and travel-199-75-8169,"N5,691.60",10,2845.8,59761.8,3/6/2019,12:27,Card,56916,4.761904762,"N2,845.80",8.6,,,,,,,,,
877-22-3308,A,Lagos,Member,M,HEALTH and Beauty,HEALTH and Beauty-877-22-3308,"N5,713.20",10,2856.6,59988.6,3/13/2019,16:40,Cash,57132,4.761904762,"N2,856.60",5.8,,,,,,,,,
232-11-3025,A,Lagos,Normal,M,Sports and travel,Sports and travel-232-11-3025,"N28,357.20",10,14178.6,297750.6,1/24/2019,10:04,Cash,283572,4.761904762,"N14,178.60",6.4,,,,,,,,,
382-03-4532,A,Lagos,Member,F,HEALTH and Beauty,HEALTH and Beauty-382-03-4532,"N6,598.80",1,329.94,6928.74,2/2/2019,18:50,Cash,6598.8,4.761904762,N329.94,4.3,,,,,,,,,
287-21-9091,A,Lagos,Normal,M,Home and lifestyle,Home and lifestyle-287-21-9091,"N26,881.20",9,12096.54,254027.34,1/22/2019,10:55,   Epay,241930.8,4.761904762,"N12,096.54",9.4,,,,,,,,,
381-20-0914,A,Lagos,Member,F,Fashion accessories,Fashion accessories-381-20-0914,"N7,203.60",9,3241.62,68074.02,1/12/2019,15:48,Card,64832.4,4.761904762,"N3,241.62",5.7,,,,,,,,,
633-44-8566,A,Lagos,Member,M,Food and beverages,Food and beverages-633-44-8566,"N17,776.80",7,6221.88,130659.48,3/27/2019,20:35,Card,124437.6,4.761904762,"N6,221.88",7.3,,,,,,,,,
504-35-8843,A,Lagos,Normal,M,Sports and travel,Sports and travel-504-35-8843,"N15,289.20",1,764.46,16053.66,1/2/2019,16:57,Cash,15289.2,4.761904762,N764.46,5.7,,,,,,,,,
873-51-0671,A,Lagos,Member,F,Sports and travel,Sports and travel-873-51-0671,"N7,912.80",7,2769.48,58159.08,1/10/2019,16:42,   Epay,55389.6,4.761904762,"N2,769.48",5.1,,,,,,,,,
594-34-4444,A,Lagos,Normal,M,Electronic accessories,Electronic accessories-594-34-4444,"N34,977.60",1,1748.88,36726.48,3/8/2019,20:38,   Epay,34977.6,4.761904762,"N1,748.88",7.2,,,,,,,,,
865-92-6136,A,Lagos,Normal,M,Food and beverages,Food and beverages-865-92-6136,"N18,990.00",3,2848.5,59818.5,3/23/2019,10:16,   Epay,56970,4.761904762,"N2,848.50",9.3,,,,,,,,,
212-62-1842,A,Lagos,Normal,M,Food and beverages,Food and beverages-212-62-1842,"N20,973.60",6,6292.08,132133.68,3/28/2019,16:44,Cash,125841.6,4.761904762,"N6,292.08",9.9,,,,,,,,,
704-48-3927,A,Lagos,Member,M,Electronic accessories,Electronic accessories-704-48-3927,"N31,921.20",10,15960.6,335172.6,1/12/2019,14:50,   Epay,319212,4.761904762,"N15,960.60",7.3,,,,,,,,,
630-74-5166,A,Lagos,Normal,M,Sports and travel,Sports and travel-630-74-5166,"N22,366.80",6,6710.04,140910.84,3/22/2019,20:19,Cash,134200.8,4.761904762,"N6,710.04",7.4,,,,,,,,,
645-44-1170,A,Lagos,Member,M,Home and lifestyle,Home and lifestyle-645-44-1170,"N20,905.20",9,9407.34,197554.14,1/19/2019,20:07,   Epay,188146.8,4.761904762,"N9,407.34",4.3,,,,,,,,,
642-32-2990,A,Lagos,Normal,feminine,Food and beverages,Food and beverages-642-32-2990,"N3,945.60",10,1972.8,41428.8,2/2/2019,20:48,   Epay,39456,4.761904762,"N1,972.80",6,,,,,,,,,
638-60-7125,A,Lagos,Normal,F,Electronic accessories,Electronic accessories-638-60-7125,"N35,841.60",8,14336.64,301069.44,2/14/2019,17:03,Card,286732.8,4.761904762,"N14,336.64",5.2,,,,,,,,,
668-90-8900,A,Lagos,Normal,F,Home and lifestyle,Home and lifestyle-668-90-8900,"N33,728.40",7,11804.94,247903.74,3/10/2019,18:44,Card,236098.8,4.761904762,"N11,804.94",4.5,,,,,,,,,
870-54-3162,A,Lagos,Normal,F,Sports and travel,Sports and travel-870-54-3162,"N11,610.00",5,2902.5,60952.5,1/27/2019,13:26,Cash,58050,4.761904762,"N2,902.50",9,,,,,,,,,
802-70-5316,A,Lagos,Member,F,Sports and travel,Sports and travel-802-70-5316,"N33,166.80",6,9950.04,208950.84,3/6/2019,20:34,Cash,199000.8,4.761904762,"N9,950.04",8.3,,,,,,,,,
700-81-1757,A,Lagos,Normal,F,Electronic accessories,Electronic accessories-700-81-1757,"N9,471.60",5,2367.9,49725.9,1/18/2019,20:59,Card,47358,4.761904762,"N2,367.90",8.8,,,,,,,,,
354-39-5160,A,Lagos,Member,F,Home and lifestyle,Home and lifestyle-354-39-5160,"N12,391.20",6,3717.36,78064.56,2/18/2019,15:39,Cash,74347.2,4.761904762,"N3,717.36",9.8,,,,,,,,,
575-30-8091,A,Lagos,Normal,M,Sports and travel,Sports and travel-575-30-8091,"N26,100.00",8,10440,219240,3/16/2019,19:25,   Epay,208800,4.761904762,"N10,440.00",9.2,,,,,,,,,
239-10-7476,A,Lagos,Normal,F,Home and lifestyle,Home and lifestyle-239-10-7476,"N28,062.00",6,8418.6,176790.6,1/21/2019,16:37,   Epay,168372,4.761904762,"N8,418.60",8,,,,,,,,,
685-64-1609,A,Lagos,Member,F,Fashion accessories,Fashion accessories-685-64-1609,"N10,850.40",10,5425.2,113929.2,2/10/2019,12:28,   Epay,108504,4.761904762,"N5,425.20",9.2,,,,,,,,,
238-49-0436,A,Lagos,Normal,M,HEALTH and Beauty,HEALTH and Beauty-238-49-0436,"N11,685.60",8,4674.24,98159.04,3/27/2019,13:48,Card,93484.8,4.761904762,"N4,674.24",4.9,,,,,,,,,
746-94-0204,A,Lagos,Normal,M,Fashion accessories,Fashion accessories-746-94-0204,"N29,966.40",9,13484.88,283182.48,1/29/2019,11:56,Card,269697.6,4.761904762,"N13,484.88",7.4,,,,,,,,,
782-95-9291,A,Lagos,Member,M,Food and beverages,Food and beverages-782-95-9291,"N33,224.40",5,8306.1,174428.1,2/20/2019,15:55,Card,166122,4.761904762,"N8,306.10",9,,,,,,,,,
275-28-0149,A,Lagos,Normal,M,Sports and travel,Sports and travel-275-28-0149,"N22,928.40",1,1146.42,24074.82,2/25/2019,16:21,Cash,22928.4,4.761904762,"N1,146.42",6,,,,,,,,,
101-17-6199,A,Lagos,Normal,M,Food and beverages,Food and beverages-101-17-6199,"N16,484.40",7,5769.54,121160.34,3/13/2019,19:44,Card,115390.8,4.761904762,"N5,769.54",7,,,,,,,,,
687-47-8271,A,Lagos,Normal,M,Fashion accessories,Fashion accessories-687-47-8271,"N35,632.80",10,17816.4,374144.4,2/8/2019,16:20,Card,356328,4.761904762,"N17,816.40",8.7,,,,,,,,,
796-32-9050,A,Lagos,Normal,M,Food and beverages,Food and beverages-796-32-9050,"N18,460.80",6,5538.24,116303.04,1/19/2019,16:31,Cash,110764.8,4.761904762,"N5,538.24",6.5,,,,,,,,,
105-31-1824,A,Lagos,Member,M,Sports and travel,Sports and travel-105-31-1824,"N25,027.20",7,8759.52,183949.92,2/1/2019,15:10,Card,175190.4,4.761904762,"N8,759.52",8.5,,,,,,,,,
249-42-3782,A,Lagos,Normal,M,HEALTH and Beauty,HEALTH and Beauty-249-42-3782,"N25,203.60",5,6300.9,132318.9,1/3/2019,11:36,   Epay,126018,4.761904762,"N6,300.90",5.5,,,,,,,,,
827-26-2100,A,Lagos,Member,M,Home and lifestyle,Home and lifestyle-827-26-2100,"N12,182.40",9,5482.08,115123.68,3/21/2019,16:21,   Epay,109641.6,4.761904762,"N5,482.08",8.8,,,,,,,,,
175-54-2529,A,Lagos,Member,M,Food and beverages,Food and beverages-175-54-2529,"N7,981.20",8,3192.48,67042.08,3/3/2019,17:01,Card,63849.6,4.761904762,"N3,192.48",9.6,,,,,,,,,
407-63-8975,A,Lagos,Normal,M,Food and beverages,Food and beverages-407-63-8975,"N26,596.80",6,7979.04,167559.84,3/23/2019,19:16,   Epay,159580.8,4.761904762,"N7,979.04",4.4,,,,,,,,,
851-28-6367,A,Lagos,Member,M,Sports and travel,Sports and travel-851-28-6367,"N5,580.00",10,2790,58590,3/23/2019,10:55,   Epay,55800,4.761904762,"N2,790.00",8,,,,,,,,,
586-25-0848,A,Lagos,Normal,feminine,Sports and travel,Sports and travel-586-25-0848,"N4,442.40",7,1554.84,32651.64,3/4/2019,11:19,Card,31096.8,4.761904762,"N1,554.84",6.7,,,,,,,,,
400-60-7251,A,Lagos,Normal,M,Home and lifestyle,Home and lifestyle-400-60-7251,"N26,665.20",1,1333.26,27998.46,2/10/2019,12:50,   Epay,26665.2,4.761904762,"N1,333.26",9.9,,,,,,,,,
831-07-6050,A,Lagos,Normal,M,Electronic accessories,Electronic accessories-831-07-6050,"N11,775.60",5,2943.9,61821.9,3/19/2019,11:30,Card,58878,4.761904762,"N2,943.90",9.9,,,,,,,,,
856-22-8149,A,Lagos,Normal,F,Home and lifestyle,Home and lifestyle-856-22-8149,"N9,104.40",1,455.22,9559.62,3/23/2019,10:13,   Epay,9104.4,4.761904762,N455.22,6.1,,,,,,,,,
749-24-1565,A,Lagos,Normal,F,HEALTH and Beauty,HEALTH and Beauty-749-24-1565,"N8,290.80",9,3730.86,78348.06,1/3/2019,12:02,   Epay,74617.2,4.761904762,"N3,730.86",7.9,,,,,,,,,
888-02-0338,A,Lagos,Normal,M,Electronic accessories,Electronic accessories-888-02-0338,"N9,442.80",9,4249.26,89234.46,1/25/2019,20:24,   Epay,84985.2,4.761904762,"N4,249.26",5.9,,,,,,,,,
802-43-8934,A,Lagos,Normal,M,Home and lifestyle,Home and lifestyle-802-43-8934,"N6,580.80",1,329.04,6909.84,3/22/2019,15:05,Card,6580.8,4.761904762,N329.04,8.3,,,,,,,,,
319-74-2561,A,Lagos,Member,F,Electronic accessories,Electronic accessories-319-74-2561,"N34,070.40",3,5110.56,107321.76,2/21/2019,16:55,Cash,102211.2,4.761904762,"N5,110.56",5.5,,,,,,,,,
213-72-6612,A,Lagos,Normal,M,Food and beverages,Food and beverages-213-72-6612,"N15,570.00",2,1557,32697,3/20/2019,15:56,Cash,31140,4.761904762,"N1,557.00",6.2,,,,,,,,,
721-86-6247,A,Lagos,Normal,F,Home and lifestyle,Home and lifestyle-721-86-6247,"N22,831.20",8,9132.48,191782.08,3/11/2019,12:55,   Epay,182649.6,4.761904762,"N9,132.48",7.4,,,,,,,,,
157-13-5295,A,Lagos,Member,M,HEALTH and Beauty,HEALTH and Beauty-157-13-5295,"N18,698.40",10,9349.2,196333.2,3/9/2019,18:24,   Epay,186984,4.761904762,"N9,349.20",6.5,,,,,,,,,
645-78-8093,A,Lagos,Normal,F,Sports and travel,Sports and travel-645-78-8093,"N33,530.40",2,3353.04,70413.84,1/20/2019,18:09,   Epay,67060.8,4.761904762,"N3,353.04",4.1,,,,,,,,,
478-06-7835,A,Lagos,Normal,M,Fashion accessories,Fashion accessories-478-06-7835,"N32,288.40",1,1614.42,33902.82,1/11/2019,11:20,   Epay,32288.4,4.761904762,"N1,614.42",4.9,,,,,,,,,
540-11-4336,A,Lagos,Normal,M,Food and beverages,Food and beverages-540-11-4336,"N8,978.40",9,4040.28,84845.88,1/11/2019,16:49,Card,80805.6,4.761904762,"N4,040.28",5.6,,,,,,,,,
448-81-5016,A,Lagos,Normal,M,HEALTH and Beauty,HEALTH and Beauty-448-81-5016,"N21,517.20",2,2151.72,45186.12,3/11/2019,12:01,Card,43034.4,4.761904762,"N2,151.72",5.8,,,,,,,,,
217-58-1179,A,Lagos,Member,M,Home and lifestyle,Home and lifestyle-217-58-1179,"N22,554.00",4,4510.8,94726.8,1/5/2019,11:25,Cash,90216,4.761904762,"N4,510.80",4.2,,,,,,,,,
530-90-9855,A,Lagos,Member,M,Home and lifestyle,Home and lifestyle-530-90-9855,"N17,132.40",8,6852.96,143912.16,1/1/2019,14:47,Cash,137059.2,4.761904762,"N6,852.96",5.7,,,,,,,,,
604-70-6476,A,Lagos,Member,M,Fashion accessories,Fashion accessories-604-70-6476,"N6,458.40",5,1614.6,33906.6,1/23/2019,14:04,   Epay,32292,4.761904762,"N1,614.60",6.8,,,,,,,,,
799-71-1548,A,Lagos,Member,M,Electronic accessories,Electronic accessories-799-71-1548,"N27,979.20",4,5595.84,117512.64,1/7/2019,16:11,Card,111916.8,4.761904762,"N5,595.84",8.8,,,,,,,,,
290-68-2984,A,Lagos,Normal,M,Home and lifestyle,Home and lifestyle-290-68-2984,"N8,550.00",4,1710,35910,3/16/2019,11:22,Cash,34200,4.761904762,"N1,710.00",5.2,,,,,,,,,
704-11-6354,A,Lagos,Member,M,Home and lifestyle,Home and lifestyle-704-11-6354,"N21,204.00",8,8481.6,178113.6,1/6/2019,11:23,Cash,169632,4.761904762,"N8,481.60",8.9,,,,,,,,,
366-93-0948,A,Lagos,Member,M,Electronic accessories,Electronic accessories-366-93-0948,"N23,886.00",1,1194.3,25080.3,1/31/2019,10:46,Card,23886,4.761904762,"N1,194.30",9.7,,,,,,,,,
729-09-9681,A,Lagos,Member,M,Home and lifestyle,Home and lifestyle-729-09-9681,"N9,327.60",6,2798.28,58763.88,2/5/2019,10:16,   Epay,55965.6,4.761904762,"N2,798.28",8.7,,,,,,,,,
151-16-1484,A,Lagos,Member,M,Electronic accessories,Electronic accessories-151-16-1484,"N11,610.00",4,2322,48762,2/13/2019,12:38,   Epay,46440,4.761904762,"N2,322.00",6.5,,,,,,,,,
850-41-9669,A,Lagos,Normal,F,Electronic accessories,Electronic accessories-850-41-9669,"N27,021.60",9,12159.72,255354.12,3/19/2019,13:25,   Epay,243194.4,4.761904762,"N12,159.72",6.2,,,,,,,,,
447-15-7839,A,Lagos,Member,F,Sports and travel,Sports and travel-447-15-7839,"N8,006.40",10,4003.2,84067.2,2/9/2019,11:00,Cash,80064,4.761904762,"N4,003.20",4.2,,,,,,,,,
253-12-6086,A,Lagos,Member,F,Sports and travel,Sports and travel-253-12-6086,"N35,424.00",7,12398.4,260366.4,3/12/2019,12:43,Card,247968,4.761904762,"N12,398.40",8.7,,,,,,,,,
144-51-6085,A,Lagos,Member,M,Home and lifestyle,Home and lifestyle-144-51-6085,"N25,466.40",4,5093.28,106958.88,1/5/2019,16:05,Card,101865.6,4.761904762,"N5,093.28",4.4,,,,,,,,,
731-14-2199,A,Lagos,Member,F,Home and lifestyle,Home and lifestyle-731-14-2199,"N12,794.40",10,6397.2,134341.2,1/4/2019,13:34,   Epay,127944,4.761904762,"N6,397.20",7,,,,,,,,,
126-54-1082,A,Lagos,Member,F,Home and lifestyle,Home and lifestyle-126-54-1082,"N7,754.40",9,3489.48,73279.08,1/7/2019,11:44,Card,69789.6,4.761904762,"N3,489.48",8.8,,,,,,,,,
633-91-1052,A,Lagos,Normal,F,Home and lifestyle,Home and lifestyle-633-91-1052,"N4,330.80",2,433.08,9094.68,1/27/2019,15:51,Cash,8661.6,4.761904762,N433.08,5.1,,,,,,,,,
828-61-5674,A,Lagos,Member,M,Sports and travel,Sports and travel-828-61-5674,"N15,847.20",10,7923.6,166395.6,3/20/2019,19:57,Card,158472,4.761904762,"N7,923.60",9.6,,,,,,,,,
136-08-6195,A,Lagos,Normal,F,Home and lifestyle,Home and lifestyle-136-08-6195,"N25,185.60",8,10074.24,211559.04,2/15/2019,17:01,Card,201484.8,4.761904762,"N10,074.24",6.4,,,,,,,,,
490-29-1201,A,Lagos,Normal,F,Sports and travel,Sports and travel-490-29-1201,"N5,522.40",1,276.12,5798.52,1/6/2019,11:09,Cash,5522.4,4.761904762,N276.12,6.5,,,,,,,,,
667-92-0055,A,Lagos,Member,M,HEALTH and Beauty,HEALTH and Beauty-667-92-0055,"N35,938.80",6,10781.64,226414.44,3/4/2019,15:02,   Epay,215632.8,4.761904762,"N10,781.64",8.5,,,,,,,,,
565-17-3836,A,Lagos,Member,F,HEALTH and Beauty,HEALTH and Beauty-565-17-3836,"N17,161.20",4,3432.24,72077.04,3/12/2019,14:21,Cash,68644.8,4.761904762,"N3,432.24",9.1,,,,,,,,,
430-60-3493,A,Lagos,Member,F,Home and lifestyle,Home and lifestyle-430-60-3493,"N34,156.80",7,11954.88,251052.48,2/3/2019,14:38,Cash,239097.6,4.761904762,"N11,954.88",4.2,,,,,,,,,
278-97-7759,A,Lagos,Member,F,Electronic accessories,Electronic accessories-278-97-7759,"N22,492.80",1,1124.64,23617.44,2/18/2019,20:29,Cash,22492.8,4.761904762,"N1,124.64",4.7,,,,,,,,,
316-68-6352,A,Lagos,Member,F,Food and beverages,Food and beverages-316-68-6352,"N13,089.60",2,1308.96,27488.16,1/21/2019,10:00,Cash,26179.2,4.761904762,"N1,308.96",7.1,,,,,,,,,
744-02-5987,A,Lagos,Member,M,Home and lifestyle,Home and lifestyle-744-02-5987,"N28,216.80",6,8465.04,177765.84,1/10/2019,14:16,   Epay,169300.8,4.761904762,"N8,465.04",5.8,,,,,,,,,
307-83-9164,A,Lagos,Member,M,Home and lifestyle,Home and lifestyle-307-83-9164,"N21,603.60",4,4320.72,90735.12,1/25/2019,15:54,Cash,86414.4,4.761904762,"N4,320.72",4.5,,,,,,,,,
439-54-7422,A,Lagos,Normal,F,Electronic accessories,Electronic accessories-439-54-7422,"N18,428.40",4,3685.68,77399.28,3/18/2019,17:15,Card,73713.6,4.761904762,"N3,685.68",4.7,,,,,,,,,
411-77-0180,A,Lagos,Member,M,Electronic accessories,Electronic accessories-411-77-0180,"N25,992.00",7,9097.2,191041.2,3/26/2019,20:14,   Epay,181944,4.761904762,"N9,097.20",4.3,,,,,,,,,
286-01-5402,A,Lagos,Normal,F,Sports and travel,Sports and travel-286-01-5402,"N14,482.80",7,5068.98,106448.58,3/30/2019,13:22,Cash,101379.6,4.761904762,"N5,068.98",9.6,,,,,,,,,
803-17-8013,A,Lagos,Member,F,Home and lifestyle,Home and lifestyle-803-17-8013,"N31,964.40",8,12785.76,268500.96,2/17/2019,17:09,Cash,255715.2,4.761904762,"N12,785.76",4.1,,,,,,,,,
512-98-1403,A,Lagos,Member,F,Electronic accessories,Electronic accessories-512-98-1403,"N9,532.80",3,1429.92,30028.32,3/21/2019,10:40,   Epay,28598.4,4.761904762,"N1,429.92",4.7,,,,,,,,,
848-42-2560,A,Lagos,Normal,F,Fashion accessories,Fashion accessories-848-42-2560,"N29,487.60",2,2948.76,61923.96,3/5/2019,17:43,Cash,58975.2,4.761904762,"N2,948.76",7.8,,,,,,,,,
870-76-1733,A,Lagos,Member,F,Food and beverages,Food and beverages-870-76-1733,"N5,122.80",5,1280.7,26894.7,2/1/2019,10:08,Card,25614,4.761904762,"N1,280.70",4.4,,,,,,,,,
423-64-4619,A,Lagos,Member,F,HEALTH and Beauty,HEALTH and Beauty-423-64-4619,"N5,598.00",9,2519.1,52901.1,3/7/2019,13:12,Cash,50382,4.761904762,"N2,519.10",5,,,,,,,,,
372-94-8041,A,Lagos,Normal,M,Health and beauty,Health and beauty-372-94-8041,"N5,493.60",6,1648.08,34609.68,2/15/2019,18:03,   Epay,32961.6,4.761904762,"N1,648.08",9.8,,,,,,,,,
563-91-7120,A,Lagos,Normal,F,Fashion accessories,Fashion accessories-563-91-7120,"N22,237.20",5,5559.3,116745.3,3/8/2019,13:21,Cash,111186,4.761904762,"N5,559.30",6.7,,,,,,,,,
746-54-5508,A,Lagos,Normal,M,Home and lifestyle,Home and lifestyle-746-54-5508,"N7,747.20",6,2324.16,48807.36,1/17/2019,12:48,Card,46483.2,4.761904762,"N2,324.16",9.4,,,,,,,,,
815-11-1168,A,Lagos,Member,M,Food and beverages,Food and beverages-815-11-1168,"N35,920.80",5,8980.2,188584.2,3/9/2019,19:09,Cash,179604,4.761904762,"N8,980.20",5.4,,,,,,,,,
340-66-0321,A,Lagos,Member,M,Electronic accessories,Electronic accessories-340-66-0321,"N13,089.60",4,2617.92,54976.32,3/25/2019,13:07,Cash,52358.4,4.761904762,"N2,617.92",7.6,,,,,,,,,
634-97-8956,A,Lagos,Normal,M,Food and beverages,Food and beverages-634-97-8956,"N11,844.00",3,1776.6,37308.6,2/17/2019,17:27,Card,35532,4.761904762,"N1,776.60",9.1,,,,,,,,,
566-71-1091,A,Lagos,Normal,M,Fashion accessories,Fashion accessories-566-71-1091,"N27,727.20",5,6931.8,145567.8,2/3/2019,15:59,Cash,138636,4.761904762,"N6,931.80",5.5,,,,,,,,,
442-48-3607,A,Lagos,Member,M,Food and beverages,Food and beverages-442-48-3607,"N8,452.80",2,845.28,17750.88,3/14/2019,11:21,Card,16905.6,4.761904762,N845.28,7.9,,,,,,,,,
527-09-6272,A,Lagos,Member,F,Electronic accessories,Electronic accessories-527-09-6272,"N10,242.00",5,2560.5,53770.5,3/21/2019,10:17,Card,51210,4.761904762,"N2,560.50",9.1,,,,,,,,,
898-04-2717,A,Lagos,Normal,M,Fashion accessories,Fashion accessories-898-04-2717,"N27,504.00",9,12376.8,259912.8,3/19/2019,15:49,   Epay,247536,4.761904762,"N12,376.80",7.5,,,,,,,,,
150-89-8043,A,Lagos,Normal,M,Sports and travel,Sports and travel-150-89-8043,"N16,074.00",3,2411.1,50633.1,2/14/2019,15:04,Cash,48222,4.761904762,"N2,411.10",6.2,,,,,,,,,
135-84-8019,A,Lagos,Normal,F,Fashion accessories,Fashion accessories-135-84-8019,"N28,054.80",9,12624.66,265117.86,2/27/2019,16:10,   Epay,252493.2,4.761904762,"N12,624.66",7.6,,,,,,,,,
441-94-7118,A,Lagos,Member,M,Electronic accessories,Electronic accessories-441-94-7118,"N25,902.00",1,1295.1,27197.1,2/4/2019,12:14,Cash,25902,4.761904762,"N1,295.10",7.3,,,,,,,,,
531-80-1784,A,Lagos,Normal,M,Electronic accessories,Electronic accessories-531-80-1784,"N9,367.20",7,3278.52,68848.92,3/28/2019,17:38,Cash,65570.4,4.761904762,"N3,278.52",5.1,,,,,,,,,
834-61-8124,A,Lagos,Normal,M,Electronic accessories,Electronic accessories-834-61-8124,"N18,608.40",7,6512.94,136771.74,1/26/2019,18:22,Cash,130258.8,4.761904762,"N6,512.94",5.5,,,,,,,,,
612-36-5536,A,Lagos,Member,M,Food and beverages,Food and beverages-612-36-5536,"N29,145.60",8,11658.24,244823.04,2/17/2019,11:12,Card,233164.8,4.761904762,"N11,658.24",7.4,,,,,,,,,
462-67-9126,A,Lagos,Normal,M,Home and lifestyle,Home and lifestyle-462-67-9126,"N26,359.20",6,7907.76,166062.96,1/21/2019,17:44,Cash,158155.2,4.761904762,"N7,907.76",7.2,,,,,,,,,
468-88-0009,A,Lagos,Member,M,Home and lifestyle,Home and lifestyle-468-88-0009,"N23,738.40",4,4747.68,99701.28,3/24/2019,10:29,Cash,94953.6,4.761904762,"N4,747.68",6,,,,,,,,,
254-31-0042,A,Lagos,Member,M,Electronic accessories,Electronic accessories-254-31-0042,"N7,740.00",9,3483,73143,3/6/2019,12:46,Card,69660,4.761904762,"N3,483.00",7.8,,,,,,,,,
422-29-8786,A,Lagos,Normal,F,Home and lifestyle,Home and lifestyle-422-29-8786,"N24,152.40",5,6038.1,126800.1,1/3/2019,16:47,Card,120762,4.761904762,"N6,038.10",9.1,,,,,,,,,
667-23-5919,A,Lagos,Member,F,Fashion accessories,Fashion accessories-667-23-5919,"N34,812.00",5,8703,182763,1/14/2019,12:52,   Epay,174060,4.761904762,"N8,703.00",7,,,,,,,,,
289-15-7034,A,Lagos,Member,M,Sports and travel,Sports and travel-289-15-7034,"N29,638.80",4,5927.76,124482.96,1/11/2019,10:37,Card,118555.2,4.761904762,"N5,927.76",7.5,,,,,,,,,
662-72-2873,A,Lagos,Normal,F,Food and beverages,Food and beverages-662-72-2873,"N14,738.40",5,3684.6,77376.6,1/6/2019,13:58,   Epay,73692,4.761904762,"N3,684.60",9.9,,,,,,,,,
725-56-0833,A,Lagos,Normal,F,Health and beauty,Health and beauty-725-56-0833,"N11,635.20",10,5817.6,122169.6,2/20/2019,16:49,Card,116352,4.761904762,"N5,817.60",10,,,,,,,,,
563-36-9814,A,Lagos,Member,M,Electronic accessories,Electronic accessories-563-36-9814,"N27,655.20",1,1382.76,29037.96,2/13/2019,18:27,   Epay,27655.2,4.761904762,"N1,382.76",7.2,,,,,,,,,
308-47-4913,A,Lagos,Member,F,Sports and travel,Sports and travel-308-47-4913,"N18,813.60",10,9406.8,197542.8,3/9/2019,12:45,Card,188136,4.761904762,"N9,406.80",6.2,,,,,,,,,
885-17-6250,A,Lagos,Normal,F,Health and beauty,Health and beauty-885-17-6250,"N28,706.40",1,1435.32,30141.72,3/6/2019,10:36,   Epay,28706.4,4.761904762,"N1,435.32",7.3,,,,,,,,,
726-27-2396,A,Lagos,Normal,F,Health and beauty,Health and beauty-726-27-2396,"N27,900.00",5,6975,146475,1/24/2019,20:36,   Epay,139500,4.761904762,"N6,975.00",4.3,,,,,,,,,
316-01-3952,A,Lagos,Normal,F,Food and beverages,Food and beverages-316-01-3952,"N19,537.20",5,4884.3,102570.3,3/13/2019,14:16,   Epay,97686,4.761904762,"N4,884.30",4.6,,,,,,,,,
882-40-4577,A,Lagos,Member,M,Sports and travel,Sports and travel-882-40-4577,"N24,213.60",4,4842.72,101697.12,1/19/2019,15:28,Card,96854.4,4.761904762,"N4,842.72",8,,,,,,,,,
732-67-5346,A,Lagos,Normal,M,Food and beverages,Food and beverages-732-67-5346,"N4,964.40",5,1241.1,26063.1,1/11/2019,19:07,Card,24822,4.761904762,"N1,241.10",7.8,,,,,,,,,
256-08-8343,A,Lagos,Normal,F,Home and lifestyle,Home and lifestyle-256-08-8343,"N20,350.80",4,4070.16,85473.36,3/4/2019,19:48,   Epay,81403.2,4.761904762,"N4,070.16",5.5,,,,,,,,,
132-23-6451,A,Lagos,Member,M,Health and beauty,Health and beauty-132-23-6451,"N7,549.20",5,1887.3,39633.3,1/4/2019,13:21,Cash,37746,4.761904762,"N1,887.30",7.8,,,,,,,,,
696-90-2548,A,Lagos,Normal,M,Sports and travel,Sports and travel-696-90-2548,"N9,302.40",3,1395.36,29302.56,3/10/2019,18:55,   Epay,27907.2,4.761904762,"N1,395.36",6.6,,,,,,,,,
472-15-9636,A,Lagos,Normal,M,Home and lifestyle,Home and lifestyle-472-15-9636,"N18,334.80",8,7333.92,154012.32,3/22/2019,19:36,   Epay,146678.4,4.761904762,"N7,333.92",9.2,,,,,,,,,
745-71-3520,A,Lagos,Member,F,Electronic accessories,Electronic accessories-745-71-3520,"N9,079.20",7,3177.72,66732.12,2/4/2019,10:23,Cash,63554.4,4.761904762,"N3,177.72",8.2,,,,,,,,,
269-10-8440,A,Lagos,Member,M,Health and beauty,Health and beauty-269-10-8440,"N19,141.20",7,6699.42,140687.82,1/21/2019,18:01,Cash,133988.4,4.761904762,"N6,699.42",8.9,,,,,,,,,
325-77-6186,A,Lagos,Member,F,Home and lifestyle,Home and lifestyle-325-77-6186,"N32,634.00",10,16317,342657,3/8/2019,10:53,   Epay,326340,4.761904762,"N16,317.00",7.3,,,,,,,,,
459-50-7686,A,Lagos,Normal,F,Electronic accessories,Electronic accessories-459-50-7686,"N8,445.60",6,2533.68,53207.28,1/13/2019,19:14,   Epay,50673.6,4.761904762,"N2,533.68",6.4,,,,,,,,,
345-08-4992,A,Lagos,Normal,M,Home and lifestyle,Home and lifestyle-345-08-4992,"N12,236.40",6,3670.92,77089.32,3/8/2019,15:37,Card,73418.4,4.761904762,"N3,670.92",7.7,,,,,,,,,
138-17-5109,A,Lagos,Member,F,Home and lifestyle,Home and lifestyle-138-17-5109,"N32,115.60",9,14452.02,303492.42,1/15/2019,15:42,Card,289040.4,4.761904762,"N14,452.02",6.5,,,,,,,,,
301-11-9629,A,Lagos,Normal,F,Sports and travel,Sports and travel-301-11-9629,"N6,876.00",7,2406.6,50538.6,1/15/2019,10:43,Cash,48132,4.761904762,"N2,406.60",9.7,,,,,,,,,
727-17-0390,A,Lagos,Normal,F,Food and beverages,Food and beverages-727-17-0390,"N22,899.60",5,5724.9,120222.9,3/16/2019,12:43,   Epay,114498,4.761904762,"N5,724.90",4.8,,,,,,,,,
568-88-3448,A,Lagos,Normal,M,Health and beauty,Health and beauty-568-88-3448,"N9,000.00",1,450,9450,3/3/2019,15:09,   Epay,9000,4.761904762,N450.00,5.5,,,,,,,,,
187-83-5490,A,Lagos,Member,M,Electronic accessories,Electronic accessories-187-83-5490,"N7,477.20",4,1495.44,31404.24,1/31/2019,13:47,Cash,29908.8,4.761904762,"N1,495.44",4.7,,,,,,,,,
470-32-9057,A,Lagos,Member,M,Food and beverages,Food and beverages-470-32-9057,"N18,482.40",5,4620.6,97032.6,3/28/2019,15:31,Card,92412,4.761904762,"N4,620.60",9.1,,,,,,,,,
340-21-9136,A,Lagos,Member,F,Sports and travel,Sports and travel-340-21-9136,"N14,418.00",4,2883.6,60555.6,1/25/2019,11:40,Cash,57672,4.761904762,"N2,883.60",9.7,,,,,,,,,
405-31-3305,A,Lagos,Member,M,Fashion accessories,Fashion accessories-405-31-3305,"N15,526.80",10,7763.4,163031.4,2/2/2019,18:31,Card,155268,4.761904762,"N7,763.40",5.5,,,,,,,,,
676-39-6028,A,Lagos,Member,F,Electronic accessories,Electronic accessories-676-39-6028,"N23,198.40",5,5799.6,121791.6,3/30/2019,17:04,Cash,115992,4.761904762,"N5,799.60",6.6,,,,,,,,,
502-05-1910,A,Lagos,Normal,M,Health and beauty,Health and beauty-502-05-1910,"N23,464.80",3,3519.72,73914.12,2/25/2019,20:35,Card,70394.4,4.761904762,"N3,519.72",6.3,,,,,,,,,
485-30-8700,A,Lagos,Normal,F,Sports and travel,Sports and travel-485-30-8700,"N11,973.60",5,2993.4,62861.4,3/18/2019,16:10,Card,59868,4.761904762,"N2,993.40",4.2,,,,,,,,,
575-67-1508,A,Lagos,Normal,M,Electronic accessories,Electronic accessories-575-67-1508,"N13,896.00",1,694.8,14590.8,1/29/2019,11:26,   Epay,13896,4.761904762,N694.80,6.7,,,,,,,,,
674-15-9296,A,Lagos,Normal,M,Sports and travel,Sports and travel-674-15-9296,"N13,370.40",5,3342.6,70194.6,1/8/2019,13:05,   Epay,66852,4.761904762,"N3,342.60",5,,,,,,,,,
795-49-7276,A,Lagos,Normal,M,Fashion accessories,Fashion accessories-795-49-7276,"N13,374.00",4,2674.8,56170.8,3/23/2019,18:59,   Epay,53496,4.761904762,"N2,674.80",8.3,,,,,,,,,
510-09-5628,A,Lagos,Member,F,Fashion accessories,Fashion accessories-510-09-5628,"N7,077.60",10,3538.8,74314.8,3/15/2019,18:20,Card,70776,4.761904762,"N3,538.80",7.2,,,,,,,,,
420-18-8989,A,Lagos,Member,F,Sports and travel,Sports and travel-420-18-8989,"N18,547.20",8,7418.88,155796.48,2/2/2019,15:47,Cash,148377.6,4.761904762,"N7,418.88",9.6,,,,,,,,,
726-29-6793,A,Lagos,Member,M,Electronic accessories,Electronic accessories-726-29-6793,"N8,704.80",8,3481.92,73120.32,1/28/2019,20:54,   Epay,69638.4,4.761904762,"N3,481.92",9.8,,,,,,,,,
209-61-0206,A,Lagos,Normal,F,Home and lifestyle,Home and lifestyle-209-61-0206,"N15,447.60",5,3861.9,81099.9,1/5/2019,17:29,   Epay,77238,4.761904762,"N3,861.90",6.1,,,,,,,,,
595-27-4851,A,Lagos,Normal,F,Fashion accessories,Fashion accessories-595-27-4851,"N19,540.80",7,6839.28,143624.88,1/27/2019,18:05,   Epay,136785.6,4.761904762,"N6,839.28",9.3,,,,,,,,,
189-52-0236,A,Lagos,Normal,M,Electronic accessories,Electronic accessories-189-52-0236,"N35,838.00",7,12543.3,263409.3,3/14/2019,12:07,Cash,250866,4.761904762,"N12,543.30",7.6,,,,,,,,,
220-28-1851,A,Lagos,Normal,M,Home and lifestyle,Home and lifestyle-220-28-1851,"N12,502.80",2,1250.28,26255.88,3/1/2019,18:14,   Epay,25005.6,4.761904762,"N1,250.28",9.7,,,,,,,,,
609-81-8548,A,Lagos,Member,F,Home and lifestyle,Home and lifestyle-609-81-8548,"N13,478.40",6,4043.52,84913.92,2/6/2019,13:55,Card,80870.4,4.761904762,"N4,043.52",5.9,,,,,,,,,
534-01-4457,A,Lagos,Normal,M,Food and beverages,Food and beverages-534-01-4457,"N29,415.60",6,8824.68,185318.28,1/27/2019,14:36,Card,176493.6,4.761904762,"N8,824.68",8,,,,,,,,,
719-89-8991,A,Lagos,Member,F,Sports and travel,Sports and travel-719-89-8991,"N32,907.60",5,8226.9,172764.9,2/25/2019,16:03,   Epay,164538,4.761904762,"N8,226.90",7.1,,,,,,,,,
827-77-7633,A,Lagos,Normal,M,Sports and travel,Sports and travel-827-77-7633,"N35,312.40",9,15890.58,333702.18,2/17/2019,19:41,Cash,317811.6,4.761904762,"N15,890.58",9.3,,,,,,,,,
287-83-1405,A,Lagos,Normal,M,Health and beauty,Health and beauty-287-83-1405,"N9,154.80",6,2746.44,57675.24,2/12/2019,19:01,   Epay,54928.8,4.761904762,"N2,746.44",7,,,,,,,,,
435-13-4908,A,Lagos,Member,M,Fashion accessories,Fashion accessories-435-13-4908,"N31,204.80",8,12481.92,262120.32,1/24/2019,18:04,Card,249638.4,4.761904762,"N12,481.92",7.2,,,,,,,,,
892-05-6689,A,Lagos,Normal,F,Home and lifestyle,Home and lifestyle-892-05-6689,"N10,195.20",5,2548.8,53524.8,3/11/2019,13:28,   Epay,50976,4.761904762,"N2,548.80",6.2,,,,,,,,,
643-38-7867,A,Lagos,Normal,M,Home and lifestyle,Home and lifestyle-643-38-7867,"N35,258.40",1,1762.92,37021.32,3/7/2019,11:44,   Epay,35258.4,4.761904762,"N1,762.92",6.9,,,,,,,,,
308-81-0538,A,Lagos,Normal,F,Fashion accessories,Fashion accessories-308-81-0538,"N26,298.00",4,5259.6,110451.6,2/25/2019,17:16,Card,105192,4.761904762,"N5,259.60",4.9,,,,,,,,,
460-35-4390,A,Lagos,Normal,M,Home and lifestyle,Home and lifestyle-460-35-4390,"N11,044.80",3,1656.72,34791.12,1/22/2019,11:00,   Epay,33134.4,4.761904762,"N1,656.72",9.1,,,,,,,,,
647-50-1224,A,Lagos,Normal,F,Fashion accessories,Fashion accessories-647-50-1224,"N10,591.20",10,5295.6,111207.6,1/12/2019,16:23,   Epay,105912,4.761904762,"N5,295.60",8.9,,,,,,,,,
541-48-8554,A,Lagos,Normal,M,Sports and travel,Sports and travel-541-48-8554,"N21,942.00",9,9873.9,207351.9,1/7/2019,12:08,Card,197478,4.761904762,"N9,873.90",6,,,,,,,,,
213-32-1216,A,Lagos,Normal,F,Electronic accessories,Electronic accessories-213-32-1216,"N23,781.60",6,7134.48,149824.08,1/23/2019,10:28,Cash,142689.6,4.761904762,"N7,134.48",7.3,,,,,,,,,
134-75-2619,A,Lagos,Member,M,Electronic accessories,Electronic accessories-134-75-2619,"N6,955.20",7,2434.32,51120.72,3/25/2019,18:51,Cash,48686.4,4.761904762,"N2,434.32",6.9,,,,,,,,,
712-39-0363,A,Lagos,Member,M,Food and beverages,Food and beverages-712-39-0363,"N14,997.60",6,4499.28,94484.88,1/2/2019,15:24,   Epay,89985.6,4.761904762,"N4,499.28",5.6,,,,,,,,,
218-59-9410,A,Lagos,Member,F,Home and lifestyle,Home and lifestyle-218-59-9410,"N26,071.20",3,3910.68,82124.28,3/29/2019,16:54,   Epay,78213.6,4.761904762,"N3,910.68",8.2,,,,,,,,,
760-90-2357,A,Lagos,Member,M,Electronic accessories,Electronic accessories-760-90-2357,"N26,823.60",6,8047.08,168988.68,3/20/2019,15:08,   Epay,160941.6,4.761904762,"N8,047.08",5,,,,,,,,,
698-98-5964,A,Lagos,Normal,F,Food and beverages,Food and beverages-698-98-5964,"N29,235.60",10,14617.8,306973.8,1/17/2019,13:01,Card,292356,4.761904762,"N14,617.80",6.3,,,,,,,,,
651-88-7328,A,Lagos,Normal,F,Fashion accessories,Fashion accessories-651-88-7328,"N23,666.40",9,10649.88,223647.48,1/1/2019,13:55,Cash,212997.6,4.761904762,"N10,649.88",7.7,,,,,,,,,
239-48-4278,A,Lagos,Member,M,Food and beverages,Food and beverages-239-48-4278,"N3,646.80",7,1276.38,26803.98,3/10/2019,19:35,   Epay,25527.6,4.761904762,"N1,276.38",8.3,,,,,,,,,
550-84-8664,A,Lagos,Normal,M,Sports and travel,Sports and travel-550-84-8664,"N30,927.60",5,7731.9,162369.9,3/22/2019,14:33,Card,154638,4.761904762,"N7,731.90",8.6,,,,,,,,,
797-88-0493,A,Lagos,Normal,F,Health and beauty,Health and beauty-797-88-0493,"N23,137.20",4,4627.44,97176.24,3/26/2019,13:54,Cash,92548.8,4.761904762,"N4,627.44",7.7,,,,,,,,,
443-82-0585,A,Lagos,Member,F,Health and beauty,Health and beauty-443-82-0585,"N27,964.80",4,5592.96,117452.16,2/1/2019,19:54,Cash,111859.2,4.761904762,"N5,592.96",8.4,,,,,,,,,
127-47-6963,A,Lagos,Normal,M,Health and beauty,Health and beauty-127-47-6963,"N18,615.60",4,3723.12,78185.52,3/9/2019,13:53,Card,74462.4,4.761904762,"N3,723.12",9.8,,,,,,,,,
278-86-2735,A,Lagos,Normal,F,Food and beverages,Food and beverages-278-86-2735,"N18,842.40",3,2826.36,59353.56,3/27/2019,14:03,Cash,56527.2,4.761904762,"N2,826.36",9.2,,,,,,,,,
695-28-6250,A,Lagos,Normal,F,Sports and travel,Sports and travel-695-28-6250,"N15,501.60",5,3875.4,81383.4,2/4/2019,16:38,   Epay,77508,4.761904762,"N3,875.40",7.7,,,,,,,,,
227-50-3718,A,Lagos,Normal,M,Health and beauty,Health and beauty-227-50-3718,"N5,263.20",5,1315.8,27631.8,3/4/2019,12:23,Cash,26316,4.761904762,"N1,315.80",4.4,,,,,,,,,
560-49-6611,A,Lagos,Member,F,Sports and travel,Sports and travel-560-49-6611,"N16,408.80",1,820.44,17229.24,2/7/2019,14:13,Cash,16408.8,4.761904762,N820.44,9.8,,,,,,,,,
880-35-0356,A,Lagos,Member,F,Sports and travel,Sports and travel-880-35-0356,"N27,072.00",3,4060.8,85276.8,2/5/2019,11:51,   Epay,81216,4.761904762,"N4,060.80",4.8,,,,,,,,,
152-68-2907,A,Lagos,Normal,M,Food and beverages,Food and beverages-152-68-2907,"N18,792.00",3,2818.8,59194.8,2/15/2019,13:30,Card,56376,4.761904762,"N2,818.80",9.5,,,,,,,,,
334-64-2006,A,Lagos,Member,F,Home and lifestyle,Home and lifestyle-334-64-2006,"N25,315.20",2,2531.52,53161.92,3/24/2019,14:22,   Epay,50630.4,4.761904762,"N2,531.52",9.6,,,,,,,,,
559-98-9873,A,Lagos,Member,F,Fashion accessories,Fashion accessories-559-98-9873,"N19,314.00",7,6759.9,141957.9,2/10/2019,12:56,   Epay,135198,4.761904762,"N6,759.90",5.2,,,,,,,,,
318-12-0304,A,Lagos,Normal,M,Fashion accessories,Fashion accessories-318-12-0304,"N11,019.60",1,550.98,11570.58,1/23/2019,12:20,   Epay,11019.6,4.761904762,N550.98,5.2,,,,,,,,,
421-95-9805,A,Lagos,Normal,F,Electronic accessories,Electronic accessories-421-95-9805,"N10,425.60",1,521.28,10946.88,2/7/2019,10:18,Card,10425.6,4.761904762,N521.28,6.2,,,,,,,,,
443-59-0061,A,Lagos,Member,M,Food and beverages,Food and beverages-443-59-0061,"N24,282.00",10,12141,254961,2/3/2019,11:25,   Epay,242820,4.761904762,"N12,141.00",4.2,,,,,,,,,
509-29-3912,A,Lagos,Member,F,Sports and travel,Sports and travel-509-29-3912,"N13,939.20",9,6272.64,131725.44,3/20/2019,12:24,   Epay,125452.8,4.761904762,"N6,272.64",4.2,,,,,,,,,
828-46-6863,A,Lagos,Member,M,Food and beverages,Food and beverages-828-46-6863,"N35,470.80",6,10641.24,223466.04,1/23/2019,11:22,Card,212824.8,4.761904762,"N10,641.24",4,,,,,,,,,
420-97-3340,A,Lagos,Normal,F,Food and beverages,Food and beverages-420-97-3340,"N25,804.80",3,3870.72,81285.12,3/28/2019,15:30,Card,77414.4,4.761904762,"N3,870.72",9.2,,,,,,,,,
436-54-4512,A,Lagos,Member,F,Food and beverages,Food and beverages-436-54-4512,"N32,979.60",1,1648.98,34628.58,3/20/2019,19:44,Cash,32979.6,4.761904762,"N1,648.98",9.8,,,,,,,,,
816-57-2053,A,Lagos,Normal,M,Sports and travel,Sports and travel-816-57-2053,"N21,913.20",2,2191.32,46017.72,3/9/2019,12:37,   Epay,43826.4,4.761904762,"N2,191.32",8.7,,,,,,,,,
856-66-2701,A,Lagos,Member,M,Home and lifestyle,Home and lifestyle-856-66-2701,"N19,188.00",3,2878.2,60442.2,1/25/2019,14:19,   Epay,57564,4.761904762,"N2,878.20",7.5,,,,,,,,,
308-39-1707,A,Lagos,Normal,F,Fashion accessories,Fashion accessories-308-39-1707,"N4,352.40",1,217.62,4570.02,1/26/2019,18:19,Card,4352.4,4.761904762,N217.62,8.2,,,,,,,,,
149-61-1929,A,Lagos,Normal,M,Sports and travel,Sports and travel-149-61-1929,"N23,108.40",10,11554.2,242638.2,1/19/2019,14:08,Card,231084,4.761904762,"N11,554.20",6.7,,,,,,,,,
655-07-2265,A,Lagos,Normal,M,Electronic accessories,Electronic accessories-655-07-2265,"N28,191.60",3,4228.74,88803.54,3/5/2019,16:38,   Epay,84574.8,4.761904762,"N4,228.74",5.4,,,,,,,,,
589-02-8023,A,Lagos,Member,M,Food and beverages,Food and beverages-589-02-8023,"N30,157.20",2,3015.72,63330.12,1/15/2019,10:54,Card,60314.4,4.761904762,"N3,015.72",7,,,,,,,,,
610-46-4100,A,Lagos,Normal,M,Health and beauty,Health and beauty-610-46-4100,"N10,422.00",7,3647.7,76601.7,3/3/2019,20:31,Card,72954,4.761904762,"N3,647.70",6,,,,,,,,,
706-36-6154,A,Lagos,Member,M,Home and lifestyle,Home and lifestyle-706-36-6154,"N6,969.60",9,3136.32,65862.72,1/18/2019,18:43,   Epay,62726.4,4.761904762,"N3,136.32",8.7,,,,,,,,,
742-04-5161,A,Lagos,Member,M,Home and lifestyle,Home and lifestyle-742-04-5161,"N26,200.80",10,13100.4,275108.4,2/3/2019,17:24,Cash,262008,4.761904762,"N13,100.40",7.3,,,,,,,,,
169-52-4504,A,Lagos,Normal,F,Electronic accessories,Electronic accessories-169-52-4504,"N5,648.40",3,847.26,17792.46,3/14/2019,14:13,Card,16945.2,4.761904762,N847.26,5.8,,,,,,,,,
562-12-5430,A,Lagos,Member,F,Fashion accessories,Fashion accessories-562-12-5430,"N31,734.00",3,4760.1,99962.1,1/18/2019,10:11,   Epay,95202,4.761904762,"N4,760.10",7.9,,,,,,,,,
816-72-8853,A,Lagos,Member,F,Sports and travel,Sports and travel-816-72-8853,"N10,054.80",5,2513.7,52787.7,1/29/2019,15:48,Cash,50274,4.761904762,"N2,513.70",5.9,,,,,,,,,
491-38-3499,A,Lagos,Member,M,Fashion accessories,Fashion accessories-491-38-3499,"N19,962.00",1,998.1,20960.1,2/26/2019,17:46,Card,19962,4.761904762,N998.10,4.9,,,,,,,,,
518-17-2983,A,Lagos,Normal,F,Fashion accessories,Fashion accessories-518-17-2983,"N17,506.80",4,3501.36,73528.56,2/4/2019,15:44,   Epay,70027.2,4.761904762,"N3,501.36",7.6,,,,,,,,,
588-47-8641,A,Lagos,Member,M,Fashion accessories,Fashion accessories-588-47-8641,"N20,174.40",10,10087.2,211831.2,1/14/2019,19:30,   Epay,201744,4.761904762,"N10,087.20",4.4,,,,,,,,,
811-03-8790,A,Lagos,Normal,F,Electronic accessories,Electronic accessories-811-03-8790,"N16,372.80",10,8186.4,171914.4,3/1/2019,10:22,Card,163728,4.761904762,"N8,186.40",4.8,,,,,,,,,
274-05-5470,A,Lagos,Member,F,Food and beverages,Food and beverages-274-05-5470,"N26,449.20",4,5289.84,111086.64,2/23/2019,18:30,Cash,105796.8,4.761904762,"N5,289.84",6,,,,,,,,,
130-67-4723,A,Lagos,Member,M,Food and beverages,Food and beverages-130-67-4723,"N17,460.00",6,5238,109998,1/11/2019,13:57,   Epay,104760,4.761904762,"N5,238.00",9.4,,,,,,,,,
105-10-6182,A,Lagos,Member,M,Fashion accessories,Fashion accessories-105-10-6182,"N7,732.80",2,773.28,16238.88,2/27/2019,12:22,   Epay,15465.6,4.761904762,N773.28,6.6,,,,,,,,,
648-83-1321,A,Lagos,Member,M,Home and lifestyle,Home and lifestyle-648-83-1321,"N22,881.60",10,11440.8,240256.8,1/16/2019,17:59,Cash,228816,4.761904762,"N11,440.80",4.3,,,,,,,,,
305-03-2383,A,Lagos,Normal,F,Food and beverages,Food and beverages-305-03-2383,"N24,156.00",3,3623.4,76091.4,2/15/2019,10:36,Cash,72468,4.761904762,"N3,623.40",7.5,,,,,,,,,
689-05-1884,A,Lagos,Member,M,Health and beauty,Health and beauty-689-05-1884,"N17,506.80",10,8753.4,183821.4,3/4/2019,12:44,Cash,175068,4.761904762,"N8,753.40",8.8,,,,,,,,,
800-09-8606,A,Lagos,Member,F,Home and lifestyle,Home and lifestyle-800-09-8606,"N31,453.20",5,7863.3,165129.3,1/29/2019,19:45,Cash,157266,4.761904762,"N7,863.30",6.6,,,,,,,,,
182-52-7000,A,Lagos,Member,F,Sports and travel,Sports and travel-182-52-7000,"N9,734.40",4,1946.88,40884.48,1/1/2019,20:26,   Epay,38937.6,4.761904762,"N1,946.88",6.9,,,,,,,,,
868-06-0466,A,Lagos,Member,M,Electronic accessories,Electronic accessories-868-06-0466,"N25,048.80",9,11271.96,236711.16,2/19/2019,19:38,Card,225439.2,4.761904762,"N11,271.96",7.8,,,,,,,,,
445-30-9252,A,Lagos,Normal,M,Sports and travel,Sports and travel-445-30-9252,"N9,252.00",3,1387.8,29143.8,1/17/2019,17:59,   Epay,27756,4.761904762,"N1,387.80",6.1,,,,,,,,,
786-94-2700,A,Lagos,Member,M,Food and beverages,Food and beverages-786-94-2700,"N29,023.20",6,8706.96,182846.16,2/28/2019,20:18,Cash,174139.2,4.761904762,"N8,706.96",9.1,,,,,,,,,
258-92-7466,A,Lagos,Normal,F,Health and beauty,Health and beauty-258-92-7466,"N12,844.80",5,3211.2,67435.2,2/6/2019,18:33,Card,64224,4.761904762,"N3,211.20",6.6,,,,,,,,,
857-16-3520,A,Lagos,Member,F,Fashion accessories,Fashion accessories-857-16-3520,"N25,725.60",7,9003.96,189083.16,3/28/2019,16:06,   Epay,180079.2,4.761904762,"N9,003.96",4.5,,,,,,,,,
482-17-1179,A,Lagos,Member,M,Electronic accessories,Electronic accessories-482-17-1179,"N4,298.40",3,644.76,13539.96,1/19/2019,12:47,Card,12895.2,4.761904762,N644.76,8.1,,,,,,,,,
788-21-5741,A,Lagos,Normal,M,Fashion accessories,Fashion accessories-788-21-5741,"N16,336.80",3,2450.52,51460.92,2/17/2019,13:34,Card,49010.4,4.761904762,"N2,450.52",7.2,,,,,,,,,
247-11-2470,A,Lagos,Member,F,Fashion accessories,Fashion accessories-247-11-2470,"N8,035.20",4,1607.04,33747.84,3/1/2019,16:23,Card,32140.8,4.761904762,"N1,607.04",4.4,,,,,,,,,
635-28-5728,A,Lagos,Normal,M,Health and beauty,Health and beauty-635-28-5728,"N20,160.00",3,3024,63504,2/28/2019,19:33,   Epay,60480,4.761904762,"N3,024.00",4.8,,,,,,,,,
756-49-0168,A,Lagos,Member,M,Fashion accessories,Fashion accessories-756-49-0168,"N7,092.00",1,354.6,7446.6,2/8/2019,11:39,   Epay,7092,4.761904762,N354.60,9.5,,,,,,,,,
805-86-0265,A,Lagos,Normal,M,Home and lifestyle,Home and lifestyle-805-86-0265,"N33,825.60",9,15221.52,319651.92,3/20/2019,11:32,Cash,304430.4,4.761904762,"N15,221.52",9.8,,,,,,,,,
373-14-0504,A,Lagos,Member,F,Sports and travel,Sports and travel-373-14-0504,"N25,786.80",2,2578.68,54152.28,2/12/2019,14:33,   Epay,51573.6,4.761904762,"N2,578.68",8.8,,,,,,,,,
546-80-2899,A,Lagos,Member,M,Home and lifestyle,Home and lifestyle-546-80-2899,"N13,568.40",2,1356.84,28493.64,2/20/2019,15:29,   Epay,27136.8,4.761904762,"N1,356.84",9.5,,,,,,,,,
585-86-8361,A,Lagos,Normal,F,Food and beverages,Food and beverages-585-86-8361,"N9,820.80",5,2455.2,51559.2,2/3/2019,10:31,Card,49104,4.761904762,"N2,455.20",8.6,,,,,,,,,
807-14-7833,A,Lagos,Member,F,Electronic accessories,Electronic accessories-807-14-7833,"N6,271.20",10,3135.6,65847.6,2/22/2019,12:30,   Epay,62712,4.761904762,"N3,135.60",7,,,,,,,,,
652-43-6591,A,Lagos,Normal,F,Fashion accessories,Fashion accessories-652-43-6591,"N35,024.40",8,14009.76,294204.96,3/9/2019,13:18,Card,280195.2,4.761904762,"N14,009.76",6.2,,,,,,,,,
406-46-7107,A,Lagos,Normal,F,Home and lifestyle,Home and lifestyle-406-46-7107,"N34,747.20",6,10424.16,218907.36,1/11/2019,11:52,Cash,208483.2,4.761904762,"N10,424.16",4.5,,,,,,,,,
250-17-5703,A,Lagos,Member,M,Food and beverages,Food and beverages-250-17-5703,"N6,786.00",10,3393,71253,2/27/2019,18:24,   Epay,67860,4.761904762,"N3,393.00",5.6,,,,,,,,,
156-95-3964,A,Lagos,Normal,F,Food and beverages,Food and beverages-156-95-3964,"N19,940.40",4,3988.08,83749.68,3/25/2019,15:19,   Epay,79761.6,4.761904762,"N3,988.08",8,,,,,,,,,
410-67-1709,A,Lagos,Member,F,Fashion accessories,Fashion accessories-410-67-1709,"N22,996.80",8,9198.72,193173.12,1/20/2019,17:48,   Epay,183974.4,4.761904762,"N9,198.72",9.9,,,,,,,,,
587-73-4862,A,Lagos,Member,F,Health and beauty,Health and beauty-587-73-4862,"N3,848.40",5,962.1,20204.1,3/26/2019,11:07,   Epay,19242,4.761904762,N962.10,7.6,,,,,,,,,
787-87-2010,A,Lagos,Member,M,Health and beauty,Health and beauty-787-87-2010,"N19,980.00",4,3996,83916,1/20/2019,15:48,Card,79920,4.761904762,"N3,996.00",6.6,,,,,,,,,
886-54-6089,A,Lagos,Normal,F,Home and lifestyle,Home and lifestyle-886-54-6089,"N4,114.80",6,1234.44,25923.24,1/15/2019,17:24,Cash,24688.8,4.761904762,"N1,234.44",7.7,,,,,,,,,
534-53-3526,A,Lagos,Normal,F,Sports and travel,Sports and travel-534-53-3526,"N34,113.60",4,6822.72,143277.12,2/11/2019,16:06,   Epay,136454.4,4.761904762,"N6,822.72",7.8,,,,,,,,,
307-04-2070,A,Lagos,Member,F,Fashion accessories,Fashion accessories-307-04-2070,"N11,023.20",1,551.16,11574.36,2/5/2019,14:14,Card,11023.2,4.761904762,N551.16,4.1,,,,,,,,,
404-91-5964,A,Lagos,Normal,M,Electronic accessories,Electronic accessories-404-91-5964,"N26,848.80",7,9397.08,197338.68,2/4/2019,16:09,Card,187941.6,4.761904762,"N9,397.08",9,,,,,,,,,
497-37-6538,A,Lagos,Normal,M,Sports and travel,Sports and travel-497-37-6538,"N21,207.60",7,7422.66,155875.86,1/17/2019,15:15,   Epay,148453.2,4.761904762,"N7,422.66",9.7,,,,,,,,,
651-96-5970,A,Lagos,Normal,M,Fashion accessories,Fashion accessories-651-96-5970,"N16,707.60",1,835.38,17542.98,3/3/2019,20:06,Card,16707.6,4.761904762,N835.38,4,,,,,,,,,
263-12-5321,A,Lagos,Member,M,Electronic accessories,Electronic accessories-263-12-5321,"N33,336.00",7,11667.6,245019.6,2/27/2019,12:52,Card,233352,4.761904762,"N11,667.60",9.3,,,,,,,,,
702-72-0487,A,Lagos,Normal,F,Electronic accessories,Electronic accessories-702-72-0487,"N16,779.60",2,1677.96,35237.16,2/26/2019,12:28,Card,33559.2,4.761904762,"N1,677.96",6.6,,,,,,,,,
864-24-7918,A,Lagos,Member,F,Sports and travel,Sports and travel-864-24-7918,"N8,816.40",10,4408.2,92572.2,2/22/2019,15:15,Cash,88164,4.761904762,"N4,408.20",8.1,,,,,,,,,
759-29-9521,A,Lagos,Member,F,Fashion accessories,Fashion accessories-759-29-9521,"N17,625.60",9,7931.52,166561.92,3/4/2019,11:27,Cash,158630.4,4.761904762,"N7,931.52",8,,,,,,,,,
220-68-6701,A,Lagos,Normal,F,Home and lifestyle,Home and lifestyle-220-68-6701,"N27,889.20",4,5577.84,117134.64,3/17/2019,16:36,Cash,111556.8,4.761904762,"N5,577.84",4.2,,,,,,,,,
618-34-8551,A,Lagos,Normal,F,Sports and travel,Sports and travel-618-34-8551,"N33,544.80",2,3354.48,70444.08,1/16/2019,18:41,Card,67089.6,4.761904762,"N3,354.48",8.5,,,,,,,,,
257-60-7754,A,Lagos,Normal,F,Electronic accessories,Electronic accessories-257-60-7754,"N18,082.80",4,3616.56,75947.76,1/8/2019,17:12,Cash,72331.2,4.761904762,"N3,616.56",9,,,,,,,,,
380-60-5336,A,Lagos,Normal,F,Electronic accessories,Electronic accessories-380-60-5336,"N14,493.60",10,7246.8,152182.8,2/24/2019,18:06,Card,144936,4.761904762,"N7,246.80",5,,,,,,,,,
674-56-6360,A,Lagos,Normal,M,Electronic accessories,Electronic accessories-674-56-6360,"N34,254.00",1,1712.7,35966.7,3/22/2019,14:00,Cash,34254,4.761904762,"N1,712.70",6,,,,,,,,,
778-34-2523,A,Lagos,Member,F,Electronic accessories,Electronic accessories-778-34-2523,"N17,503.20",8,7001.28,147026.88,1/24/2019,10:57,Cash,140025.6,4.761904762,"N7,001.28",5,,,,,,,,,
832-51-6761,A,Lagos,Normal,M,Food and beverages,Food and beverages-832-51-6761,"N12,196.80",8,4878.72,102453.12,1/19/2019,20:29,   Epay,97574.4,4.761904762,"N4,878.72",9.6,,,,,,,,,
186-43-8965,A,Lagos,Member,F,Home and lifestyle,Home and lifestyle-186-43-8965,"N17,164.80",2,1716.48,36046.08,2/24/2019,10:10,Card,34329.6,4.761904762,"N1,716.48",4.1,,,,,,,,,
276-75-6884,A,Lagos,Normal,F,Health and beauty,Health and beauty-276-75-6884,"N24,735.60",3,3710.34,77917.14,3/4/2019,10:05,Cash,74206.8,4.761904762,"N3,710.34",8.7,,,,,,,,,
569-76-2760,A,Lagos,Member,F,Sports and travel,Sports and travel-569-76-2760,"N7,923.60",4,1584.72,33279.12,1/29/2019,18:15,Card,31694.4,4.761904762,"N1,584.72",6.6,,,,,,,,,
760-53-9233,A,Lagos,Member,M,Fashion accessories,Fashion accessories-760-53-9233,"N14,860.80",3,2229.12,46811.52,3/26/2019,18:37,Card,44582.4,4.761904762,"N2,229.12",8.5,,,,,,,,,
416-17-9926,A,Lagos,Member,F,Electronic accessories,Electronic accessories-416-17-9926,"N26,719.20",10,13359.6,280551.6,1/1/2019,14:42,Card,267192,4.761904762,"N13,359.60",4.3,,,,,,,,,
237-44-6163,A,Lagos,Normal,M,Electronic accessories,Electronic accessories-237-44-6163,"N3,801.60",8,1520.64,31933.44,1/24/2019,17:43,Cash,30412.8,4.761904762,"N1,520.64",7.6,,,,,,,,,
528-14-9470,A,Lagos,Member,M,Health and beauty,Health and beauty-528-14-9470,"N32,868.00",1,1643.4,34511.4,2/14/2019,14:42,   Epay,32868,4.761904762,"N1,643.40",9.2,,,,,,,,,
807-34-3742,A,Lagos,Normal,M,Fashion accessories,Fashion accessories-807-34-3742,"N18,856.80",1,942.84,19799.64,3/26/2019,19:44,Cash,18856.8,4.761904762,N942.84,5.8,,,,,,,,,
288-62-1085,A,Lagos,Member,M,Fashion accessories,Fashion accessories-288-62-1085,"N13,874.40",5,3468.6,72840.6,1/9/2019,13:34,   Epay,69372,4.761904762,"N3,468.60",5.6,,,,,,,,,
497-36-0989,A,Lagos,Normal,M,Fashion accessories,Fashion accessories-497-36-0989,"N18,698.40",3,2804.76,58899.96,2/15/2019,15:21,Cash,56095.2,4.761904762,"N2,804.76",7.9,,,,,,,,,
860-73-6466,A,Lagos,Member,F,Sports and travel,Sports and travel-860-73-6466,"N14,209.20",2,1420.92,29839.32,3/2/2019,16:16,Card,28418.4,4.761904762,"N1,420.92",5,,,,,,,,,
896-34-0956,A,Lagos,Normal,M,Fashion accessories,Fashion accessories-896-34-0956,"N7,675.20",1,383.76,8058.96,1/26/2019,12:43,Cash,7675.2,4.761904762,N383.76,5.9,,,,,,,,,
804-38-3935,A,Lagos,Member,M,Electronic accessories,Electronic accessories-804-38-3935,"N33,760.80",3,5064.12,106346.52,1/30/2019,11:32,Card,101282.4,4.761904762,"N5,064.12",5.9,,,,,,,,,
585-90-0249,A,Lagos,Member,M,Electronic accessories,Electronic accessories-585-90-0249,"N26,373.60",1,1318.68,27692.28,1/27/2019,18:08,   Epay,26373.6,4.761904762,"N1,318.68",9.7,,,,,,,,,
125-45-2293,A,Lagos,Normal,F,Fashion accessories,Fashion accessories-125-45-2293,"N35,676.00",6,10702.8,224758.8,1/19/2019,13:11,Cash,214056,4.761904762,"N10,702.80",4.2,,,,,,,,,
843-73-4724,A,Lagos,Normal,M,Fashion accessories,Fashion accessories-843-73-4724,"N26,676.00",1,1333.8,28009.8,1/25/2019,11:05,Cash,26676,4.761904762,"N1,333.80",9.2,,,,,,,,,
409-33-9708,A,Lagos,Normal,F,Fashion accessories,Fashion accessories-409-33-9708,"N35,452.80",2,3545.28,74450.88,2/19/2019,10:12,   Epay,70905.6,4.761904762,"N3,545.28",9.2,,,,,,,,,
160-22-2687,A,Lagos,Member,F,Health and beauty,Health and beauty-160-22-2687,"N34,542.00",5,8635.5,181345.5,1/23/2019,14:21,   Epay,172710,4.761904762,"N8,635.50",8.8,,,,,,,,,
748-45-2862,A,Lagos,Member,F,Home and lifestyle,Home and lifestyle-748-45-2862,"N10,191.60",4,2038.32,42804.72,3/7/2019,18:35,Cash,40766.4,4.761904762,"N2,038.32",8.2,,,,,,,,,
316-66-3011,A,Lagos,Member,F,Food and beverages,Food and beverages-316-66-3011,"N17,146.80",9,7716.06,162037.26,1/23/2019,12:35,Cash,154321.2,4.761904762,"N7,716.06",5,,,,,,,,,
840-76-5966,A,Lagos,Member,M,Sports and travel,Sports and travel-840-76-5966,"N4,593.60",2,459.36,9646.56,1/8/2019,18:06,   Epay,9187.2,4.761904762,N459.36,7.8,,,,,,,,,
124-31-1458,A,Lagos,Member,F,Electronic accessories,Electronic accessories-124-31-1458,"N28,652.40",3,4297.86,90255.06,1/8/2019,14:30,Cash,85957.2,4.761904762,"N4,297.86",6.6,,,,,,,,,
852-82-2749,A,Lagos,Normal,M,Sports and travel,Sports and travel-852-82-2749,"N23,252.40",4,4650.48,97660.08,1/6/2019,13:35,   Epay,93009.6,4.761904762,"N4,650.48",9.3,,,,,,,,,
873-14-6353,A,Lagos,Member,M,Food and beverages,Food and beverages-873-14-6353,"N8,935.20",7,3127.32,65673.72,2/16/2019,10:33,Card,62546.4,4.761904762,"N3,127.32",7.1,,,,,,,,,
166-19-2553,A,Lagos,Member,M,Sports and travel,Sports and travel-166-19-2553,"N32,061.60",6,9618.48,201988.08,1/18/2019,17:26,Cash,192369.6,4.761904762,"N9,618.48",9.9,,,,,,,,,
737-88-5876,A,Lagos,Member,M,Home and lifestyle,Home and lifestyle-737-88-5876,"N8,384.40",4,1676.88,35214.48,3/19/2019,11:52,Card,33537.6,4.761904762,"N1,676.88",5.9,,,,,,,,,
448-61-3783,A,Lagos,Normal,F,Electronic accessories,Electronic accessories-448-61-3783,"N32,407.20",8,12962.88,272220.48,3/21/2019,16:08,Card,259257.6,4.761904762,"N12,962.88",4.5,,,,,,,,,
291-55-6563,A,Lagos,Member,F,Home and lifestyle,Home and lifestyle-291-55-6563,"N12,391.20",6,3717.36,78064.56,3/30/2019,12:45,   Epay,74347.2,4.761904762,"N3,717.36",7.5,,,,,,,,,
548-48-3156,A,Lagos,Member,F,Food and beverages,Food and beverages-548-48-3156,"N30,002.40",2,3000.24,63005.04,3/19/2019,13:37,Cash,60004.8,4.761904762,"N3,000.24",7.6,,,,,,,,,
460-93-5834,A,Lagos,Normal,M,Sports and travel,Sports and travel-460-93-5834,"N16,408.80",7,5743.08,120604.68,1/13/2019,10:03,Cash,114861.6,4.761904762,"N5,743.08",5,,,,,,,,,
325-89-4209,A,Lagos,Member,M,Food and beverages,Food and beverages-325-89-4209,"N31,644.00",1,1582.2,33226.2,2/5/2019,19:42,   Epay,31644,4.761904762,"N1,582.20",6.7,,,,,,,,,
884-80-6021,A,Lagos,Member,F,Electronic accessories,Electronic accessories-884-80-6021,"N26,449.20",10,13224.6,277716.6,3/23/2019,13:14,   Epay,264492,4.761904762,"N13,224.60",9.5,,,,,,,,,
880-46-5796,A,Lagos,Member,M,Sports and travel,Sports and travel-880-46-5796,"N27,691.20",10,13845.6,290757.6,3/17/2019,19:53,   Epay,276912,4.761904762,"N13,845.60",5.6,,,,,,,,,
146-09-5432,A,Lagos,Member,M,Food and beverages,Food and beverages-146-09-5432,"N12,614.40",9,5676.48,119206.08,2/9/2019,19:17,   Epay,113529.6,4.761904762,"N5,676.48",4.6,,,,,,,,,
595-94-9924,A,Lagos,Member,F,Health and beauty,Health and beauty-595-94-9924,"N9,982.80",5,2495.7,52409.7,3/26/2019,20:21,Card,49914,4.761904762,"N2,495.70",4.2,,,,,,,,,
865-41-9075,A,Lagos,Normal,M,Food and beverages,Food and beverages-865-41-9075,"N4,150.80",7,1452.78,30508.38,1/28/2019,17:35,Cash,29055.6,4.761904762,"N1,452.78",8.1,,,,,,,,,
186-71-5196,A,Lagos,Member,F,Food and beverages,Food and beverages-186-71-5196,"N28,634.40",2,2863.44,60132.24,3/27/2019,16:30,   Epay,57268.8,4.761904762,"N2,863.44",6.2,,,,,,,,,
453-33-6436,A,Lagos,Normal,F,Home and lifestyle,Home and lifestyle-453-33-6436,"N33,523.20",8,13409.28,281594.88,2/7/2019,10:09,Cash,268185.6,4.761904762,"N13,409.28",6.8,,,,,,,,,
522-57-8364,A,Lagos,Member,M,Fashion accessories,Fashion accessories-522-57-8364,"N18,482.40",8,7392.96,155252.16,1/31/2019,10:00,   Epay,147859.2,4.761904762,"N7,392.96",7.6,,,,,,,,,
459-45-2396,A,Lagos,Member,F,Food and beverages,Food and beverages-459-45-2396,"N35,856.00",3,5378.4,112946.4,2/25/2019,18:45,Cash,107568,4.761904762,"N5,378.40",5.8,,,,,,,,,
749-81-8133,A,Lagos,Normal,F,Fashion accessories,Fashion accessories-749-81-8133,"N34,081.20",4,6816.24,143141.04,3/11/2019,12:04,Cash,136324.8,4.761904762,"N6,816.24",6.8,,,,,,,,,
397-25-8725,A,Lagos,Member,F,Health and beauty,Health and beauty-397-25-8725,"N14,263.20",9,6418.44,134787.24,1/13/2019,17:54,Card,128368.8,4.761904762,"N6,418.44",6.8,,,,,,,,,
243-55-8457,A,Lagos,Normal,F,Food and beverages,Food and beverages-243-55-8457,"N26,798.40",10,13399.2,281383.2,2/27/2019,11:40,   Epay,267984,4.761904762,"N13,399.20",5.1,,,,,,,,,
361-85-2571,A,Lagos,Normal,F,Sports and travel,Sports and travel-361-85-2571,"N32,212.80",5,8053.2,169117.2,3/30/2019,10:18,Cash,161064,4.761904762,"N8,053.20",7.4,,,,,,,,,
131-70-8179,A,Lagos,Member,F,Health and beauty,Health and beauty-131-70-8179,"N33,152.40",3,4972.86,104430.06,2/17/2019,16:27,Cash,99457.2,4.761904762,"N4,972.86",4.2,,,,,,,,,
720-72-2436,A,Lagos,Normal,M,Food and beverages,Food and beverages-720-72-2436,"N23,947.20",4,4789.44,100578.24,3/2/2019,18:14,   Epay,95788.8,4.761904762,"N4,789.44",6.9,,,,,,,,,
809-69-9497,A,Lagos,Normal,F,Home and lifestyle,Home and lifestyle-809-69-9497,"N16,444.80",10,8222.4,172670.4,1/19/2019,19:30,   Epay,164448,4.761904762,"N8,222.40",5.7,,,,,,,,,
449-16-6770,A,Lagos,Normal,M,Health and beauty,Health and beauty-449-16-6770,"N18,284.40",5,4571.1,95993.1,2/19/2019,14:53,Card,91422,4.761904762,"N4,571.10",5.3,,,,,,,,,
333-23-2632,A,Lagos,Member,M,Health and beauty,Health and beauty-333-23-2632,"N3,628.80",7,1270.08,26671.68,3/28/2019,20:14,Cash,25401.6,4.761904762,"N1,270.08",4.2,,,,,,,,,
489-82-1237,A,Lagos,Normal,F,Electronic accessories,Electronic accessories-489-82-1237,"N33,796.80",7,11828.88,248406.48,1/5/2019,11:51,Card,236577.6,4.761904762,"N11,828.88",7.3,,,,,,,,,
846-10-0341,A,Lagos,Normal,F,Fashion accessories,Fashion accessories-846-10-0341,"N15,325.20",7,5363.82,112640.22,1/6/2019,11:51,Cash,107276.4,4.761904762,"N5,363.82",6.8,,,,,,,,,
384-59-6655,A,Lagos,Member,F,Food and beverages,Food and beverages-384-59-6655,"N35,517.60",9,15982.92,335641.32,2/19/2019,15:07,Cash,319658.4,4.761904762,"N15,982.92",8.4,,,,,,,,,
324-92-3863,A,Lagos,Member,M,Electronic accessories,Electronic accessories-324-92-3863,"N7,520.40",2,752.04,15792.84,2/5/2019,18:45,Cash,15040.8,4.761904762,N752.04,9.8,,,,,,,,,
593-08-5916,A,Lagos,Normal,F,Fashion accessories,Fashion accessories-593-08-5916,"N5,580.00",1,279,5859,3/19/2019,15:23,Card,5580,4.761904762,N279.00,7.4,,,,,,,,,
558-60-5016,A,Lagos,Normal,F,Home and lifestyle,Home and lifestyle-558-60-5016,"N11,988.00",9,5394.6,113286.6,3/4/2019,15:27,   Epay,107892,4.761904762,"N5,394.60",7.2,,,,,,,,,
195-06-0432,A,Lagos,Member,M,Home and lifestyle,Home and lifestyle-195-06-0432,"N29,163.60",3,4374.54,91865.34,1/13/2019,12:55,Card,87490.8,4.761904762,"N4,374.54",9.3,,,,,,,,,
605-03-2706,A,Lagos,Normal,F,Health and beauty,Health and beauty-605-03-2706,"N5,688.00",3,853.2,17917.2,3/25/2019,18:02,Cash,17064,4.761904762,N853.20,9.5,,,,,,,,,
531-56-4728,A,Lagos,Normal,M,Home and lifestyle,Home and lifestyle-531-56-4728,"N28,828.80",3,4324.32,90810.72,2/11/2019,15:29,Cash,86486.4,4.761904762,"N4,324.32",5.4,,,,,,,,,
221-25-5073,A,Lagos,Normal,F,Food and beverages,Food and beverages-221-25-5073,"N26,877.60",4,5375.52,112885.92,3/4/2019,10:39,Cash,107510.4,4.761904762,"N5,375.52",8.5,,,,,,,,,
809-46-1866,A,Lagos,Normal,M,Health and beauty,Health and beauty-809-46-1866,"N20,934.00",4,4186.8,87922.8,1/23/2019,17:44,Cash,83736,4.761904762,"N4,186.80",8.4,,,,,,,,,
139-32-4183,A,Lagos,Member,F,Sports and travel,Sports and travel-139-32-4183,"N35,092.80",9,15791.76,331626.96,3/14/2019,14:19,   Epay,315835.2,4.761904762,"N15,791.76",7.4,,,,,,,,,
886-18-2897,A,Lagos,Normal,F,Food and beverages,Food and beverages-886-18-2897,"N20,361.60",5,5090.4,106898.4,3/22/2019,19:06,Card,101808,4.761904762,"N5,090.40",4.5,,,,,,,,,
745-74-0715,A,Lagos,Normal,M,Electronic accessories,Electronic accessories-745-74-0715,"N20,890.80",2,2089.08,43870.68,3/10/2019,20:46,   Epay,41781.6,4.761904762,"N2,089.08",8.8,,,,,,,,,
727-02-1313,A,Lagos,Member,M,Food and beverages,Food and beverages-727-02-1313,"N11,462.40",1,573.12,12035.52,2/9/2019,13:22,Cash,11462.4,4.761904762,N573.12,7.7,,,,,,,,,
347-56-2442,A,Lagos,Normal,M,Home and lifestyle,Home and lifestyle-347-56-2442,"N23,695.20",1,1184.76,24879.96,2/22/2019,15:33,Cash,23695.2,4.761904762,"N1,184.76",4.1,,,,,,,,,
849-09-3807,A,Lagos,Member,F,Fashion accessories,Fashion accessories-849-09-3807,"N31,802.40",7,11130.84,233747.64,2/18/2019,13:28,Cash,222616.8,4.761904762,"N11,130.84",6.6,,,,,,,,,
,,,,,,,,,,,,,,,,,,,,,,,,,,
,,,,,,,,,,,,,,,,,,,,,,,,,,
,,,,,,,,,,,,,,,,,,,,,,,,,,
,,,,,,,,,,,,,,,,,,,,,,,,,,
,,,,,,,,,,,,,,,,,,,,,,,,,,
,,,,,,,,,,,,,,,,,,,,,,,,,,
,,,,,,,,,,,,,,,,,,,,,,,,,,
,,,,,,,,,,,,,,,,,,,,,,,,,,
,,,,,,,,,,,,,,,,,,,,,,,,,,
,,,,,,,,,,,,,,,,,,,,,,,,,,
,,,,,,,,,,,,,,,,,,,,,,,,,,
,,,,,,,,,,,,,,,,,,,,,,,,,,
,,,,,,,,,,,,,,,,,,,,,,,,,,
,,,,,,,,,,,,,,,,,,,,,,,,,,
,,,,,,,,,,,,,,,,,,,,,,,,,,
,,,,,,,,,,,,,,,,,,,,,,,,,,
,,,,,,,,,,,,,,,,,,,,,,,,,,
,,,,,,,,,,,,,,,,,,,,,,,,,,
,,,,,,,,,,,,,,,,,,,,,,,,,,
,,,,,,,,,,,,,,,,,,,,,,,,,,
,,,,,,,,,,,,,,,,,,,,,,,,,,
,,,,,,,,,,,,,,,,,,,,,,,,,,
,,,,,,,,,,,,,,,,,,,,,,,,,,
,,,,,,,,,,,,,,,,,,,,,,,,,,
,,,,,,,,,,,,,,,,,,,,,,,,,,
,,,,,,,,,,,,,,,,,,,,,,,,,,
,,,,,,,,,,,,,,,,,,,,,,,,,,
,,,,,,,,,,,,,,,,,,,,,,,,,,
,,,,,,,,,,,,,,,,,,,,,,,,,,
,,,,,,,,,,,,,,,,,,,,,,,,,,
,,,,,,,,,,,,,,,,,,,,,,,,,,
,,,,,,,,,,,,,,,,,,,,,,,,,,
,,,,,,,,,,,,,,,,,,,,,,,,,,
,,,,,,,,,,,,,,,,,,,,,,,,,,
,,,,,,,,,,,,,,,,,,,,,,,,,,
,,,,,,,,,,,,,,,,,,,,,,,,,,
,,,,,,,,,,,,,,,,,,,,,,,,,,
,,,,,,,,,,,,,,,,,,,,,,,,,,
,,,,,,,,,,,,,,,,,,,,,,,,,,
,,,,,,,,,,,,,,,,,,,,,,,,,,
,,,,,,,,,,,,,,,,,,,,,,,,,,
,,,,,,,,,,,,,,,,,,,,,,,,,,
,,,,,,,,,,,,,,,,,,,,,,,,,,
,,,,,,,,,,,,,,,,,,,,,,,,,,
,,,,,,,,,,,,,,,,,,,,,,,,,,
,,,,,,,,,,,,,,,,,,,,,,,,,,
,,,,,,,,,,,,,,,,,,,,,,,,,,
,,,,,,,,,,,,,,,,,,,,,,,,,,
,,,,,,,,,,,,,,,,,,,,,,,,,,
,,,,,,,,,,,,,,,,,,,,,,,,,,
,,,,,,,,,,,,,,,,,,,,,,,,,,
,,,,,,,,,,,,,,,,,,,,,,,,,,
,,,,,,,,,,,,,,,,,,,,,,,,,,
,,,,,,,,,,,,,,,,,,,,,,,,,,
,,,,,,,,,,,,,,,,,,,,,,,,,,
,,,,,,,,,,,,,,,,,,,,,,,,,,
,,,,,,,,,,,,,,,,,,,,,,,,,,
,,,,,,,,,,,,,,,,,,,,,,,,,,
,,,,,,,,,,,,,,,,,,,,,,,,,,
,,,,,,,,,,,,,,,,,,,,,,,,,,
,,,,,,,,,,,,,,,,,,,,,,,,,,
,,,,,,,,,,,,,,,,,,,,,,,,,,
,,,,,,,,,,,,,,,,,,,,,,,,,,
,,,,,,,,,,,,,,,,,,,,,,,,,,
,,,,,,,,,,,,,,,,,,,,,,,,,,
,,,,,,,,,,,,,,,,,,,,,,,,,,
,,,,,,,,,,,,,,,,,,,,,,,,,,
,,,,,,,,,,,,,,,,,,,,,,,,,,
,,,,,,,,,,,,,,,,,,,,,,,,,,
,,,,,,,,,,,,,,,,,,,,,,,,,,
,,,,,,,,,,,,,,,,,,,,,,,,,,
,,,,,,,,,,,,,,,,,,,,,,,,,,
,,,,,,,,,,,,,,,,,,,,,,,,,,
,,,,,,,,,,,,,,,,,,,,,,,,,,
,,,,,,,,,,,,,,,,,,,,,,,,,,
,,,,,,,,,,,,,,,,,,,,,,,,,,
,,,,,,,,,,,,,,,,,,,,,,,,,,
,,,,,,,,,,,,,,,,,,,,,,,,,,
,,,,,,,,,,,,,,,,,,,,,,,,,,
,,,,,,,,,,,,,,,,,,,,,,,,,,
,,,,,,,,,,,,,,,,,,,,,,,,,,
,,,,,,,,,,,,,,,,,,,,,,,,,,
,,,,,,,,,,,,,,,,,,,,,,,,,,
,,,,,,,,,,,,,,,,,,,,,,,,,,
,,,,,,,,,,,,,,,,,,,,,,,,,,
,,,,,,,,,,,,,,,,,,,,,,,,,,
,,,,,,,,,,,,,,,,,,,,,,,,,,
,,,,,,,,,,,,,,,,,,,,,,,,,,
,,,,,,,,,,,,,,,,,,,,,,,,,,
,,,,,,,,,,,,,,,,,,,,,,,,,,
,,,,,,,,,,,,,,,,,,,,,,,,,,
,,,,,,,,,,,,,,,,,,,,,,,,,,
,,,,,,,,,,,,,,,,,,,,,,,,,,
,,,,,,,,,,,,,,,,,,,,,,,,,,
,,,,,,,,,,,,,,,,,,,,,,,,,,
,,,,,,,,,,,,,,,,,,,,,,,,,,
,,,,,,,,,,,,,,,,,,,,,,,,,,
,,,,,,,,,,,,,,,,,,,,,,,,,,
,,,,,,,,,,,,,,,,,,,,,,,,,,
,,,,,,,,,,,,,,,,,,,,,,,,,,
,,,,,,,,,,,,,,,,,,,,,,,,,,
,,,,,,,,,,,,,,,,,,,,,,,,,,
,,,,,,,,,,,,,,,,,,,,,,,,,,
,,,,,,,,,,,,,,,,,,,,,,,,,,
,,,,,,,,,,,,,,,,,,,,,,,,,,
,,,,,,,,,,,,,,,,,,,,,,,,,,
,,,,,,,,,,,,,,,,,,,,,,,,,,
,,,,,,,,,,,,,,,,,,,,,,,,,,
,,,,,,,,,,,,,,,,,,,,,,,,,,
,,,,,,,,,,,,,,,,,,,,,,,,,,
,,,,,,,,,,,,,,,,,,,,,,,,,,
,,,,,,,,,,,,,,,,,,,,,,,,,,
,,,,,,,,,,,,,,,,,,,,,,,,,,
,,,,,,,,,,,,,,,,,,,,,,,,,,
,,,,,,,,,,,,,,,,,,,,,,,,,,
,,,,,,,,,,,,,,,,,,,,,,,,,,
,,,,,,,,,,,,,,,,,,,,,,,,,,
,,,,,,,,,,,,,,,,,,,,,,,,,,
,,,,,,,,,,,,,,,,,,,,,,,,,,
,,,,,,,,,,,,,,,,,,,,,,,,,,
,,,,,,,,,,,,,,,,,,,,,,,,,,
,,,,,,,,,,,,,,,,,,,,,,,,,,
,,,,,,,,,,,,,,,,,,,,,,,,,,
,,,,,,,,,,,,,,,,,,,,,,,,,,
,,,,,,,,,,,,,,,,,,,,,,,,,,
,,,,,,,,,,,,,,,,,,,,,,,,,,
,,,,,,,,,,,,,,,,,,,,,,,,,,
,,,,,,,,,,,,,,,,,,,,,,,,,,
,,,,,,,,,,,,,,,,,,,,,,,,,,
,,,,,,,,,,,,,,,,,,,,,,,,,,
,,,,,,,,,,,,,,,,,,,,,,,,,,
,,,,,,,,,,,,,,,,,,,,,,,,,,
,,,,,,,,,,,,,,,,,,,,,,,,,,
,,,,,,,,,,,,,,,,,,,,,,,,,,
,,,,,,,,,,,,,,,,,,,,,,,,,,
,,,,,,,,,,,,,,,,,,,,,,,,,,
,,,,,,,,,,,,,,,,,,,,,,,,,,
,,,,,,,,,,,,,,,,,,,,,,,,,,
,,,,,,,,,,,,,,,,,,,,,,,,,,
,,,,,,,,,,,,,,,,,,,,,,,,,,
,,,,,,,,,,,,,,,,,,,,,,,,,,
,,,,,,,,,,,,,,,,,,,,,,,,,,
,,,,,,,,,,,,,,,,,,,,,,,,,,
,,,,,,,,,,,,,,,,,,,,,,,,,,
,,,,,,,,,,,,,,,,,,,,,,,,,,
,,,,,,,,,,,,,,,,,,,,,,,,,,
,,,,,,,,,,,,,,,,,,,,,,,,,,
,,,,,,,,,,,,,,,,,,,,,,,,,,
,,,,,,,,,,,,,,,,,,,,,,,,,,
,,,,,,,,,,,,,,,,,,,,,,,,,,
,,,,,,,,,,,,,,,,,,,,,,,,,,
,,,,,,,,,,,,,,,,,,,,,,,,,,
,,,,,,,,,,,,,,,,,,,,,,,,,,
,,,,,,,,,,,,,,,,,,,,,,,,,,
,,,,,,,,,,,,,,,,,,,,,,,,,,
,,,,,,,,,,,,,,,,,,,,,,,,,,
,,,,,,,,,,,,,,,,,,,,,,,,,,
,,,,,,,,,,,,,,,,,,,,,,,,,,
,,,,,,,,,,,,,,,,,,,,,,,,,,
,,,,,,,,,,,,,,,,,,,,,,,,,,
,,,,,,,,,,,,,,,,,,,,,,,,,,
,,,,,,,,,,,,,,,,,,,,,,,,,,
,,,,,,,,,,,,,,,,,,,,,,,,,,
,,,,,,,,,,,,,,,,,,,,,,,,,,
,,,,,,,,,,,,,,,,,,,,,,,,,,
,,,,,,,,,,,,,,,,,,,,,,,,,,
,,,,,,,,,,,,,,,,,,,,,,,,,,
,,,,,,,,,,,,,,,,,,,,,,,,,,
,,,,,,,,,,,,,,,,,,,,,,,,,,
,,,,,,,,,,,,,,,,,,,,,,,,,,
,,,,,,,,,,,,,,,,,,,,,,,,,,
,,,,,,,,,,,,,,,,,,,,,,,,,,
,,,,,,,,,,,,,,,,,,,,,,,,,,
,,,,,,,,,,,,,,,,,,,,,,,,,,
,,,,,,,,,,,,,,,,,,,,,,,,,,
,,,,,,,,,,,,,,,,,,,,,,,,,,
,,,,,,,,,,,,,,,,,,,,,,,,,,
,,,,,,,,,,,,,,,,,,,,,,,,,,
,,,,,,,,,,,,,,,,,,,,,,,,,,
,,,,,,,,,,,,,,,,,,,,,,,,,,
,,,,,,,,,,,,,,,,,,,,,,,,,,
,,,,,,,,,,,,,,,,,,,,,,,,,,
,,,,,,,,,,,,,,,,,,,,,,,,,,
,,,,,,,,,,,,,,,,,,,,,,,,,,
,,,,,,,,,,,,,,,,,,,,,,,,,,
,,,,,,,,,,,,,,,,,,,,,,,,,,
,,,,,,,,,,,,,,,,,,,,,,,,,,
,,,,,,,,,,,,,,,,,,,,,,,,,,
,,,,,,,,,,,,,,,,,,,,,,,,,,
,,,,,,,,,,,,,,,,,,,,,,,,,,
,,,,,,,,,,,,,,,,,,,,,,,,,,
,,,,,,,,,,,,,,,,,,,,,,,,,,
,,,,,,,,,,,,,,,,,,,,,,,,,,
,,,,,,,,,,,,,,,,,,,,,,,,,,
,,,,,,,,,,,,,,,,,,,,,,,,,,
,,,,,,,,,,,,,,,,,,,,,,,,,,
,,,,,,,,,,,,,,,,,,,,,,,,,,
,,,,,,,,,,,,,,,,,,,,,,,,,,
,,,,,,,,,,,,,,,,,,,,,,,,,,
,,,,,,,,,,,,,,,,,,,,,,,,,,
,,,,,,,,,,,,,,,,,,,,,,,,,,
,,,,,,,,,,,,,,,,,,,,,,,,,,
,,,,,,,,,,,,,,,,,,,,,,,,,,
,,,,,,,,,,,,,,,,,,,,,,,,,,
,,,,,,,,,,,,,,,,,,,,,,,,,,
,,,,,,,,,,,,,,,,,,,,,,,,,,
,,,,,,,,,,,,,,,,,,,,,,,,,,
,,,,,,,,,,,,,,,,,,,,,,,,,,
,,,,,,,,,,,,,,,,,,,,,,,,,,
,,,,,,,,,,,,,,,,,,,,,,,,,,
,,,,,,,,,,,,,,,,,,,,,,,,,,
,,,,,,,,,,,,,,,,,,,,,,,,,,
,,,,,,,,,,,,,,,,,,,,,,,,,,
,,,,,,,,,,,,,,,,,,,,,,,,,,
,,,,,,,,,,,,,,,,,,,,,,,,,,
,,,,,,,,,,,,,,,,,,,,,,,,,,
,,,,,,,,,,,,,,,,,,,,,,,,,,
,,,,,,,,,,,,,,,,,,,,,,,,,,
,,,,,,,,,,,,,,,,,,,,,,,,,,
,,,,,,,,,,,,,,,,,,,,,,,,,,
,,,,,,,,,,,,,,,,,,,,,,,,,,
,,,,,,,,,,,,,,,,,,,,,,,,,,
,,,,,,,,,,,,,,,,,,,,,,,,,,
,,,,,,,,,,,,,,,,,,,,,,,,,,
,,,,,,,,,,,,,,,,,,,,,,,,,,
,,,,,,,,,,,,,,,,,,,,,,,,,,
,,,,,,,,,,,,,,,,,,,,,,,,,,
,,,,,,,,,,,,,,,,,,,,,,,,,,
,,,,,,,,,,,,,,,,,,,,,,,,,,
,,,,,,,,,,,,,,,,,,,,,,,,,,
,,,,,,,,,,,,,,,,,,,,,,,,,,
,,,,,,,,,,,,,,,,,,,,,,,,,,
,,,,,,,,,,,,,,,,,,,,,,,,,,
,,,,,,,,,,,,,,,,,,,,,,,,,,
,,,,,,,,,,,,,,,,,,,,,,,,,,
,,,,,,,,,,,,,,,,,,,,,,,,,,
,,,,,,,,,,,,,,,,,,,,,,,,,,
,,,,,,,,,,,,,,,,,,,,,,,,,,
,,,,,,,,,,,,,,,,,,,,,,,,,,
,,,,,,,,,,,,,,,,,,,,,,,,,,
,,,,,,,,,,,,,,,,,,,,,,,,,,
,,,,,,,,,,,,,,,,,,,,,,,,,,
,,,,,,,,,,,,,,,,,,,,,,,,,,
,,,,,,,,,,,,,,,,,,,,,,,,,,
,,,,,,,,,,,,,,,,,,,,,,,,,,
,,,,,,,,,,,,,,,,,,,,,,,,,,
,,,,,,,,,,,,,,,,,,,,,,,,,,
,,,,,,,,,,,,,,,,,,,,,,,,,,
,,,,,,,,,,,,,,,,,,,,,,,,,,
,,,,,,,,,,,,,,,,,,,,,,,,,,
,,,,,,,,,,,,,,,,,,,,,,,,,,
,,,,,,,,,,,,,,,,,,,,,,,,,,
,,,,,,,,,,,,,,,,,,,,,,,,,,
,,,,,,,,,,,,,,,,,,,,,,,,,,
,,,,,,,,,,,,,,,,,,,,,,,,,,
,,,,,,,,,,,,,,,,,,,,,,,,,,
,,,,,,,,,,,,,,,,,,,,,,,,,,
,,,,,,,,,,,,,,,,,,,,,,,,,,
,,,,,,,,,,,,,,,,,,,,,,,,,,
,,,,,,,,,,,,,,,,,,,,,,,,,,
,,,,,,,,,,,,,,,,,,,,,,,,,,
,,,,,,,,,,,,,,,,,,,,,,,,,,
,,,,,,,,,,,,,,,,,,,,,,,,,,
,,,,,,,,,,,,,,,,,,,,,,,,,,
,,,,,,,,,,,,,,,,,,,,,,,,,,
,,,,,,,,,,,,,,,,,,,,,,,,,,
,,,,,,,,,,,,,,,,,,,,,,,,,,
,,,,,,,,,,,,,,,,,,,,,,,,,,
,,,,,,,,,,,,,,,,,,,,,,,,,,
,,,,,,,,,,,,,,,,,,,,,,,,,,
,,,,,,,,,,,,,,,,,,,,,,,,,,
,,,,,,,,,,,,,,,,,,,,,,,,,,
,,,,,,,,,,,,,,,,,,,,,,,,,,
,,,,,,,,,,,,,,,,,,,,,,,,,,
,,,,,,,,,,,,,,,,,,,,,,,,,,
,,,,,,,,,,,,,,,,,,,,,,,,,,
,,,,,,,,,,,,,,,,,,,,,,,,,,
,,,,,,,,,,,,,,,,,,,,,,,,,,
,,,,,,,,,,,,,,,,,,,,,,,,,,
,,,,,,,,,,,,,,,,,,,,,,,,,,
,,,,,,,,,,,,,,,,,,,,,,,,,,
,,,,,,,,,,,,,,,,,,,,,,,,,,
,,,,,,,,,,,,,,,,,,,,,,,,,,
,,,,,,,,,,,,,,,,,,,,,,,,,,
,,,,,,,,,,,,,,,,,,,,,,,,,,
,,,,,,,,,,,,,,,,,,,,,,,,,,
,,,,,,,,,,,,,,,,,,,,,,,,,,
,,,,,,,,,,,,,,,,,,,,,,,,,,
,,,,,,,,,,,,,,,,,,,,,,,,,,
,,,,,,,,,,,,,,,,,,,,,,,,,,
,,,,,,,,,,,,,,,,,,,,,,,,,,
,,,,,,,,,,,,,,,,,,,,,,,,,,
,,,,,,,,,,,,,,,,,,,,,,,,,,
,,,,,,,,,,,,,,,,,,,,,,,,,,
,,,,,,,,,,,,,,,,,,,,,,,,,,
,,,,,,,,,,,,,,,,,,,,,,,,,,
,,,,,,,,,,,,,,,,,,,,,,,,,,
,,,,,,,,,,,,,,,,,,,,,,,,,,
,,,,,,,,,,,,,,,,,,,,,,,,,,
,,,,,,,,,,,,,,,,,,,,,,,,,,
,,,,,,,,,,,,,,,,,,,,,,,,,,
,,,,,,,,,,,,,,,,,,,,,,,,,,
,,,,,,,,,,,,,,,,,,,,,,,,,,
,,,,,,,,,,,,,,,,,,,,,,,,,,
,,,,,,,,,,,,,,,,,,,,,,,,,,
,,,,,,,,,,,,,,,,,,,,,,,,,,
,,,,,,,,,,,,,,,,,,,,,,,,,,
,,,,,,,,,,,,,,,,,,,,,,,,,,
,,,,,,,,,,,,,,,,,,,,,,,,,,
,,,,,,,,,,,,,,,,,,,,,,,,,,
,,,,,,,,,,,,,,,,,,,,,,,,,,
,,,,,,,,,,,,,,,,,,,,,,,,,,
,,,,,,,,,,,,,,,,,,,,,,,,,,
,,,,,,,,,,,,,,,,,,,,,,,,,,
,,,,,,,,,,,,,,,,,,,,,,,,,,
,,,,,,,,,,,,,,,,,,,,,,,,,,
,,,,,,,,,,,,,,,,,,,,,,,,,,
,,,,,,,,,,,,,,,,,,,,,,,,,,
,,,,,,,,,,,,,,,,,,,,,,,,,,
,,,,,,,,,,,,,,,,,,,,,,,,,,
,,,,,,,,,,,,,,,,,,,,,,,,,,
,,,,,,,,,,,,,,,,,,,,,,,,,,
,,,,,,,,,,,,,,,,,,,,,,,,,,
,,,,,,,,,,,,,,,,,,,,,,,,,,
,,,,,,,,,,,,,,,,,,,,,,,,,,
,,,,,,,,,,,,,,,,,,,,,,,,,,
,,,,,,,,,,,,,,,,,,,,,,,,,,
,,,,,,,,,,,,,,,,,,,,,,,,,,
,,,,,,,,,,,,,,,,,,,,,,,,,,
,,,,,,,,,,,,,,,,,,,,,,,,,,
,,,,,,,,,,,,,,,,,,,,,,,,,,
,,,,,,,,,,,,,,,,,,,,,,,,,,
,,,,,,,,,,,,,,,,,,,,,,,,,,
,,,,,,,,,,,,,,,,,,,,,,,,,,
,,,,,,,,,,,,,,,,,,,,,,,,,,
,,,,,,,,,,,,,,,,,,,,,,,,,,
,,,,,,,,,,,,,,,,,,,,,,,,,,
,,,,,,,,,,,,,,,,,,,,,,,,,,
,,,,,,,,,,,,,,,,,,,,,,,,,,
,,,,,,,,,,,,,,,,,,,,,,,,,,
,,,,,,,,,,,,,,,,,,,,,,,,,,
,,,,,,,,,,,,,,,,,,,,,,,,,,
,,,,,,,,,,,,,,,,,,,,,,,,,,
,,,,,,,,,,,,,,,,,,,,,,,,,,
,,,,,,,,,,,,,,,,,,,,,,,,,,
,,,,,,,,,,,,,,,,,,,,,,,,,,
,,,,,,,,,,,,,,,,,,,,,,,,,,
,,,,,,,,,,,,,,,,,,,,,,,,,,
,,,,,,,,,,,,,,,,,,,,,,,,,,
,,,,,,,,,,,,,,,,,,,,,,,,,,
,,,,,,,,,,,,,,,,,,,,,,,,,,
,,,,,,,,,,,,,,,,,,,,,,,,,,
,,,,,,,,,,,,,,,,,,,,,,,,,,
,,,,,,,,,,,,,,,,,,,,,,,,,,
,,,,,,,,,,,,,,,,,,,,,,,,,,
,,,,,,,,,,,,,,,,,,,,,,,,,,
,,,,,,,,,,,,,,,,,,,,,,,,,,
,,,,,,,,,,,,,,,,,,,,,,,,,,
,,,,,,,,,,,,,,,,,,,,,,,,,,
,,,,,,,,,,,,,,,,,,,,,,,,,,
,,,,,,,,,,,,,,,,,,,,,,,,,,
,,,,,,,,,,,,,,,,,,,,,,,,,,
,,,,,,,,,,,,,,,,,,,,,,,,,,
,,,,,,,,,,,,,,,,,,,,,,,,,,
,,,,,,,,,,,,,,,,,,,,,,,,,,
,,,,,,,,,,,,,,,,,,,,,,,,,,
,,,,,,,,,,,,,,,,,,,,,,,,,,
,,,,,,,,,,,,,,,,,,,,,,,,,,
,,,,,,,,,,,,,,,,,,,,,,,,,,
,,,,,,,,,,,,,,,,,,,,,,,,,,
,,,,,,,,,,,,,,,,,,,,,,,,,,
,,,,,,,,,,,,,,,,,,,,,,,,,,
,,,,,,,,,,,,,,,,,,,,,,,,,,
,,,,,,,,,,,,,,,,,,,,,,,,,,
,,,,,,,,,,,,,,,,,,,,,,,,,,
,,,,,,,,,,,,,,,,,,,,,,,,,,
,,,,,,,,,,,,,,,,,,,,,,,,,,
,,,,,,,,,,,,,,,,,,,,,,,,,,
,,,,,,,,,,,,,,,,,,,,,,,,,,
,,,,,,,,,,,,,,,,,,,,,,,,,,
,,,,,,,,,,,,,,,,,,,,,,,,,,
,,,,,,,,,,,,,,,,,,,,,,,,,,
,,,,,,,,,,,,,,,,,,,,,,,,,,
,,,,,,,,,,,,,,,,,,,,,,,,,,
,,,,,,,,,,,,,,,,,,,,,,,,,,
,,,,,,,,,,,,,,,,,,,,,,,,,,
,,,,,,,,,,,,,,,,,,,,,,,,,,
,,,,,,,,,,,,,,,,,,,,,,,,,,
,,,,,,,,,,,,,,,,,,,,,,,,,,
,,,,,,,,,,,,,,,,,,,,,,,,,,
,,,,,,,,,,,,,,,,,,,,,,,,,,
,,,,,,,,,,,,,,,,,,,,,,,,,,
,,,,,,,,,,,,,,,,,,,,,,,,,,
,,,,,,,,,,,,,,,,,,,,,,,,,,
,,,,,,,,,,,,,,,,,,,,,,,,,,
,,,,,,,,,,,,,,,,,,,,,,,,,,
,,,,,,,,,,,,,,,,,,,,,,,,,,
,,,,,,,,,,,,,,,,,,,,,,,,,,
,,,,,,,,,,,,,,,,,,,,,,,,,,
,,,,,,,,,,,,,,,,,,,,,,,,,,
,,,,,,,,,,,,,,,,,,,,,,,,,,
,,,,,,,,,,,,,,,,,,,,,,,,,,
,,,,,,,,,,,,,,,,,,,,,,,,,,
,,,,,,,,,,,,,,,,,,,,,,,,,,
,,,,,,,,,,,,,,,,,,,,,,,,,,
,,,,,,,,,,,,,,,,,,,,,,,,,,
,,,,,,,,,,,,,,,,,,,,,,,,,,
,,,,,,,,,,,,,,,,,,,,,,,,,,
,,,,,,,,,,,,,,,,,,,,,,,,,,
,,,,,,,,,,,,,,,,,,,,,,,,,,
,,,,,,,,,,,,,,,,,,,,,,,,,,
,,,,,,,,,,,,,,,,,,,,,,,,,,
,,,,,,,,,,,,,,,,,,,,,,,,,,
,,,,,,,,,,,,,,,,,,,,,,,,,,
,,,,,,,,,,,,,,,,,,,,,,,,,,
,,,,,,,,,,,,,,,,,,,,,,,,,,
,,,,,,,,,,,,,,,,,,,,,,,,,,
,,,,,,,,,,,,,,,,,,,,,,,,,,
,,,,,,,,,,,,,,,,,,,,,,,,,,
,,,,,,,,,,,,,,,,,,,,,,,,,,
,,,,,,,,,,,,,,,,,,,,,,,,,,
,,,,,,,,,,,,,,,,,,,,,,,,,,
,,,,,,,,,,,,,,,,,,,,,,,,,,
,,,,,,,,,,,,,,,,,,,,,,,,,,
,,,,,,,,,,,,,,,,,,,,,,,,,,
,,,,,,,,,,,,,,,,,,,,,,,,,,
,,,,,,,,,,,,,,,,,,,,,,,,,,
,,,,,,,,,,,,,,,,,,,,,,,,,,
,,,,,,,,,,,,,,,,,,,,,,,,,,
,,,,,,,,,,,,,,,,,,,,,,,,,,
,,,,,,,,,,,,,,,,,,,,,,,,,,
,,,,,,,,,,,,,,,,,,,,,,,,,,
,,,,,,,,,,,,,,,,,,,,,,,,,,
,,,,,,,,,,,,,,,,,,,,,,,,,,
,,,,,,,,,,,,,,,,,,,,,,,,,,
,,,,,,,,,,,,,,,,,,,,,,,,,,
,,,,,,,,,,,,,,,,,,,,,,,,,,
,,,,,,,,,,,,,,,,,,,,,,,,,,
,,,,,,,,,,,,,,,,,,,,,,,,,,
,,,,,,,,,,,,,,,,,,,,,,,,,,
,,,,,,,,,,,,,,,,,,,,,,,,,,
,,,,,,,,,,,,,,,,,,,,,,,,,,
,,,,,,,,,,,,,,,,,,,,,,,,,,
,,,,,,,,,,,,,,,,,,,,,,,,,,
,,,,,,,,,,,,,,,,,,,,,,,,,,
,,,,,,,,,,,,,,,,,,,,,,,,,,
,,,,,,,,,,,,,,,,,,,,,,,,,,
,,,,,,,,,,,,,,,,,,,,,,,,,,
,,,,,,,,,,,,,,,,,,,,,,,,,,
,,,,,,,,,,,,,,,,,,,,,,,,,,
,,,,,,,,,,,,,,,,,,,,,,,,,,
,,,,,,,,,,,,,,,,,,,,,,,,,,
,,,,,,,,,,,,,,,,,,,,,,,,,,
,,,,,,,,,,,,,,,,,,,,,,,,,,
,,,,,,,,,,,,,,,,,,,,,,,,,,
,,,,,,,,,,,,,,,,,,,,,,,,,,
,,,,,,,,,,,,,,,,,,,,,,,,,,
,,,,,,,,,,,,,,,,,,,,,,,,,,
,,,,,,,,,,,,,,,,,,,,,,,,,,
,,,,,,,,,,,,,,,,,,,,,,,,,,
,,,,,,,,,,,,,,,,,,,,,,,,,,
,,,,,,,,,,,,,,,,,,,,,,,,,,
,,,,,,,,,,,,,,,,,,,,,,,,,,
,,,,,,,,,,,,,,,,,,,,,,,,,,
,,,,,,,,,,,,,,,,,,,,,,,,,,
,,,,,,,,,,,,,,,,,,,,,,,,,,
,,,,,,,,,,,,,,,,,,,,,,,,,,
,,,,,,,,,,,,,,,,,,,,,,,,,,
,,,,,,,,,,,,,,,,,,,,,,,,,,
,,,,,,,,,,,,,,,,,,,,,,,,,,
,,,,,,,,,,,,,,,,,,,,,,,,,,
,,,,,,,,,,,,,,,,,,,,,,,,,,
,,,,,,,,,,,,,,,,,,,,,,,,,,
,,,,,,,,,,,,,,,,,,,,,,,,,,
,,,,,,,,,,,,,,,,,,,,,,,,,,
,,,,,,,,,,,,,,,,,,,,,,,,,,
,,,,,,,,,,,,,,,,,,,,,,,,,,
,,,,,,,,,,,,,,,,,,,,,,,,,,
,,,,,,,,,,,,,,,,,,,,,,,,,,
,,,,,,,,,,,,,,,,,,,,,,,,,,
,,,,,,,,,,,,,,,,,,,,,,,,,,
,,,,,,,,,,,,,,,,,,,,,,,,,,
,,,,,,,,,,,,,,,,,,,,,,,,,,
,,,,,,,,,,,,,,,,,,,,,,,,,,
,,,,,,,,,,,,,,,,,,,,,,,,,,
,,,,,,,,,,,,,,,,,,,,,,,,,,
,,,,,,,,,,,,,,,,,,,,,,,,,,
,,,,,,,,,,,,,,,,,,,,,,,,,,
,,,,,,,,,,,,,,,,,,,,,,,,,,
,,,,,,,,,,,,,,,,,,,,,,,,,,
,,,,,,,,,,,,,,,,,,,,,,,,,,
,,,,,,,,,,,,,,,,,,,,,,,,,,
,,,,,,,,,,,,,,,,,,,,,,,,,,
,,,,,,,,,,,,,,,,,,,,,,,,,,
,,,,,,,,,,,,,,,,,,,,,,,,,,
,,,,,,,,,,,,,,,,,,,,,,,,,,
,,,,,,,,,,,,,,,,,,,,,,,,,,
,,,,,,,,,,,,,,,,,,,,,,,,,,
,,,,,,,,,,,,,,,,,,,,,,,,,,
,,,,,,,,,,,,,,,,,,,,,,,,,,
,,,,,,,,,,,,,,,,,,,,,,,,,,
,,,,,,,,,,,,,,,,,,,,,,,,,,
,,,,,,,,,,,,,,,,,,,,,,,,,,
,,,,,,,,,,,,,,,,,,,,,,,,,,
,,,,,,,,,,,,,,,,,,,,,,,,,,
,,,,,,,,,,,,,,,,,,,,,,,,,,
,,,,,,,,,,,,,,,,,,,,,,,,,,
,,,,,,,,,,,,,,,,,,,,,,,,,,
,,,,,,,,,,,,,,,,,,,,,,,,,,
,,,,,,,,,,,,,,,,,,,,,,,,,,
,,,,,,,,,,,,,,,,,,,,,,,,,,
,,,,,,,,,,,,,,,,,,,,,,,,,,
,,,,,,,,,,,,,,,,,,,,,,,,,,
,,,,,,,,,,,,,,,,,,,,,,,,,,
,,,,,,,,,,,,,,,,,,,,,,,,,,
,,,,,,,,,,,,,,,,,,,,,,,,,,
,,,,,,,,,,,,,,,,,,,,,,,,,,
,,,,,,,,,,,,,,,,,,,,,,,,,,
,,,,,,,,,,,,,,,,,,,,,,,,,,
,,,,,,,,,,,,,,,,,,,,,,,,,,
,,,,,,,,,,,,,,,,,,,,,,,,,,
,,,,,,,,,,,,,,,,,,,,,,,,,,
,,,,,,,,,,,,,,,,,,,,,,,,,,
,,,,,,,,,,,,,,,,,,,,,,,,,,
,,,,,,,,,,,,,,,,,,,,,,,,,,
,,,,,,,,,,,,,,,,,,,,,,,,,,
,,,,,,,,,,,,,,,,,,,,,,,,,,
,,,,,,,,,,,,,,,,,,,,,,,,,,
,,,,,,,,,,,,,,,,,,,,,,,,,,
,,,,,,,,,,,,,,,,,,,,,,,,,,
,,,,,,,,,,,,,,,,,,,,,,,,,,
,,,,,,,,,,,,,,,,,,,,,,,,,,
,,,,,,,,,,,,,,,,,,,,,,,,,,
,,,,,,,,,,,,,,,,,,,,,,,,,,
,,,,,,,,,,,,,,,,,,,,,,,,,,
,,,,,,,,,,,,,,,,,,,,,,,,,,
,,,,,,,,,,,,,,,,,,,,,,,,,,
,,,,,,,,,,,,,,,,,,,,,,,,,,
,,,,,,,,,,,,,,,,,,,,,,,,,,
,,,,,,,,,,,,,,,,,,,,,,,,,,
,,,,,,,,,,,,,,,,,,,,,,,,,,
,,,,,,,,,,,,,,,,,,,,,,,,,,
,,,,,,,,,,,,,,,,,,,,,,,,,,
,,,,,,,,,,,,,,,,,,,,,,,,,,
,,,,,,,,,,,,,,,,,,,,,,,,,,
,,,,,,,,,,,,,,,,,,,,,,,,,,
,,,,,,,,,,,,,,,,,,,,,,,,,,
,,,,,,,,,,,,,,,,,,,,,,,,,,
,,,,,,,,,,,,,,,,,,,,,,,,,,
,,,,,,,,,,,,,,,,,,,,,,,,,,
,,,,,,,,,,,,,,,,,,,,,,,,,,
,,,,,,,,,,,,,,,,,,,,,,,,,,
,,,,,,,,,,,,,,,,,,,,,,,,,,
,,,,,,,,,,,,,,,,,,,,,,,,,,
,,,,,,,,,,,,,,,,,,,,,,,,,,
,,,,,,,,,,,,,,,,,,,,,,,,,,
,,,,,,,,,,,,,,,,,,,,,,,,,,
,,,,,,,,,,,,,,,,,,,,,,,,,,
,,,,,,,,,,,,,,,,,,,,,,,,,,
,,,,,,,,,,,,,,,,,,,,,,,,,,
,,,,,,,,,,,,,,,,,,,,,,,,,,
,,,,,,,,,,,,,,,,,,,,,,,,,,
,,,,,,,,,,,,,,,,,,,,,,,,,,
,,,,,,,,,,,,,,,,,,,,,,,,,,
,,,,,,,,,,,,,,,,,,,,,,,,,,
,,,,,,,,,,,,,,,,,,,,,,,,,,
,,,,,,,,,,,,,,,,,,,,,,,,,,
,,,,,,,,,,,,,,,,,,,,,,,,,,
,,,,,,,,,,,,,,,,,,,,,,,,,,
,,,,,,,,,,,,,,,,,,,,,,,,,,
,,,,,,,,,,,,,,,,,,,,,,,,,,
,,,,,,,,,,,,,,,,,,,,,,,,,,
,,,,,,,,,,,,,,,,,,,,,,,,,,
,,,,,,,,,,,,,,,,,,,,,,,,,,
,,,,,,,,,,,,,,,,,,,,,,,,,,
,,,,,,,,,,,,,,,,,,,,,,,,,,
,,,,,,,,,,,,,,,,,,,,,,,,,,
,,,,,,,,,,,,,,,,,,,,,,,,,,
,,,,,,,,,,,,,,,,,,,,,,,,,,
,,,,,,,,,,,,,,,,,,,,,,,,,,
,,,,,,,,,,,,,,,,,,,,,,,,,,
,,,,,,,,,,,,,,,,,,,,,,,,,,
,,,,,,,,,,,,,,,,,,,,,,,,,,
,,,,,,,,,,,,,,,,,,,,,,,,,,
,,,,,,,,,,,,,,,,,,,,,,,,,,
,,,,,,,,,,,,,,,,,,,,,,,,,,
,,,,,,,,,,,,,,,,,,,,,,,,,,
,,,,,,,,,,,,,,,,,,,,,,,,,,
,,,,,,,,,,,,,,,,,,,,,,,,,,
,,,,,,,,,,,,,,,,,,,,,,,,,,
,,,,,,,,,,,,,,,,,,,,,,,,,,
,,,,,,,,,,,,,,,,,,,,,,,,,,
,,,,,,,,,,,,,,,,,,,,,,,,,,
,,,,,,,,,,,,,,,,,,,,,,,,,,
,,,,,,,,,,,,,,,,,,,,,,,,,,
,,,,,,,,,,,,,,,,,,,,,,,,,,
,,,,,,,,,,,,,,,,,,,,,,,,,,
,,,,,,,,,,,,,,,,,,,,,,,,,,
,,,,,,,,,,,,,,,,,,,,,,,,,,
,,,,,,,,,,,,,,,,,,,,,,,,,,
,,,,,,,,,,,,,,,,,,,,,,,,,,
,,,,,,,,,,,,,,,,,,,,,,,,,,
,,,,,,,,,,,,,,,,,,,,,,,,,,
,,,,,,,,,,,,,,,,,,,,,,,,,,
,,,,,,,,,,,,,,,,,,,,,,,,,,
,,,,,,,,,,,,,,,,,,,,,,,,,,
,,,,,,,,,,,,,,,,,,,,,,,,,,
,,,,,,,,,,,,,,,,,,,,,,,,,,
,,,,,,,,,,,,,,,,,,,,,,,,,,
,,,,,,,,,,,,,,,,,,,,,,,,,,
,,,,,,,,,,,,,,,,,,,,,,,,,,
,,,,,,,,,,,,,,,,,,,,,,,,,,
,,,,,,,,,,,,,,,,,,,,,,,,,,
,,,,,,,,,,,,,,,,,,,,,,,,,,
,,,,,,,,,,,,,,,,,,,,,,,,,,
,,,,,,,,,,,,,,,,,,,,,,,,,,
,,,,,,,,,,,,,,,,,,,,,,,,,,
,,,,,,,,,,,,,,,,,,,,,,,,,,
,,,,,,,,,,,,,,,,,,,,,,,,,,
,,,,,,,,,,,,,,,,,,,,,,,,,,
,,,,,,,,,,,,,,,,,,,,,,,,,,
,,,,,,,,,,,,,,,,,,,,,,,,,,
,,,,,,,,,,,,,,,,,,,,,,,,,,
,,,,,,,,,,,,,,,,,,,,,,,,,,
,,,,,,,,,,,,,,,,,,,,,,,,,,
,,,,,,,,,,,,,,,,,,,,,,,,,,
,,,,,,,,,,,,,,,,,,,,,,,,,,
,,,,,,,,,,,,,,,,,,,,,,,,,,
,,,,,,,,,,,,,,,,,,,,,,,,,,
,,,,,,,,,,,,,,,,,,,,,,,,,,
,,,,,,,,,,,,,,,,,,,,,,,,,,
,,,,,,,,,,,,,,,,,,,,,,,,,,
,,,,,,,,,,,,,,,,,,,,,,,,,,
,,,,,,,,,,,,,,,,,,,,,,,,,,
,,,,,,,,,,,,,,,,,,,,,,,,,,
,,,,,,,,,,,,,,,,,,,,,,,,,,
,,,,,,,,,,,,,,,,,,,,,,,,,,
,,,,,,,,,,,,,,,,,,,,,,,,,,
,,,,,,,,,,,,,,,,,,,,,,,,,,
,,,,,,,,,,,,,,,,,,,,,,,,,,
,,,,,,,,,,,,,,,,,,,,,,,,,,
,,,,,,,,,,,,,,,,,,,,,,,,,,
,,,,,,,,,,,,,,,,,,,,,,,,,,
,,,,,,,,,,,,,,,,,,,,,,,,,,
,,,,,,,,,,,,,,,,,,,,,,,,,,
,,,,,,,,,,,,,,,,,,,,,,,,,,
,,,,,,,,,,,,,,,,,,,,,,,,,,
,,,,,,,,,,,,,,,,,,,,,,,,,,
,,,,,,,,,,,,,,,,,,,,,,,,,,
,,,,,,,,,,,,,,,,,,,,,,,,,,
,,,,,,,,,,,,,,,,,,,,,,,,,,
,,,,,,,,,,,,,,,,,,,,,,,,,,
,,,,,,,,,,,,,,,,,,,,,,,,,,
,,,,,,,,,,,,,,,,,,,,,,,,,,
,,,,,,,,,,,,,,,,,,,,,,,,,,
,,,,,,,,,,,,,,,,,,,,,,,,,,
,,,,,,,,,,,,,,,,,,,,,,,,,,
,,,,,,,,,,,,,,,,,,,,,,,,,,
,,,,,,,,,,,,,,,,,,,,,,,,,,
